,flight_AD,flight_datetime,flight_AL_Synchron_code,flight_number,flight_ID,flight_terminal_#,flight_AP,flight_AC_Synchron_code,flight_AC_PAX_capacity_total,flight_PAX,flight,Aircraft_Stand
0,A,17.08.2019 11:05,U6,1,D,1,SVX,320,160,152,0,205
1,D,17.08.2019 19:15,U6,2,D,1,SIP,320,160,95,1,114
2,D,17.08.2019 11:55,U6,439,D,1,SVX,320,160,159,2,114
3,A,17.08.2019 18:20,U6,440,D,1,SIP,320,160,160,3,114
4,D,17.08.2019 12:05,AH,3001,I,5,ALG,738,160,94,4,38
5,D,17.08.2019 6:00,SU,2,D,1,LED,SU9,87,75,5,205
6,A,17.08.2019 9:35,SU,3,D,1,LED,SU9,87,79,6,205
7,D,17.08.2019 16:50,SU,1022,D,1,VOZ,SU9,87,64,7,217
8,A,17.08.2019 20:30,SU,1023,D,1,VOZ,SU9,87,82,8,217
9,D,17.08.2019 9:30,SU,1100,D,1,KRR,SU9,87,80,9,217
10,A,17.08.2019 15:25,SU,1101,D,1,KRR,SU9,87,83,10,124
11,D,17.08.2019 0:35,SU,1132,D,1,AER,SU9,87,82,11,217
12,A,17.08.2019 14:35,SU,1133,D,1,AER,SU9,87,70,12,205
13,D,17.08.2019 13:20,SU,1156,D,1,ROV,SU9,87,77,13,217
14,D,17.08.2019 1:55,SU,1164,D,1,ROV,SU9,87,81,14,205
15,A,17.08.2019 7:45,SU,1165,D,1,ROV,SU9,87,69,15,205
16,D,17.08.2019 17:35,SU,1186,D,1,VOG,SU9,87,79,16,217
17,A,17.08.2019 22:10,SU,1187,D,1,VOG,SU9,87,85,17,114
18,D,17.08.2019 1:50,SU,1206,D,1,KUF,SU9,87,76,18,217
19,A,17.08.2019 6:10,SU,1207,D,1,KUF,SU9,87,79,19,217
20,D,17.08.2019 1:25,SU,1218,D,1,PEE,SU9,87,85,20,122
21,A,17.08.2019 6:40,SU,1219,D,1,PEE,SU9,87,80,21,205
22,D,17.08.2019 9:45,SU,1220,D,1,GOJ,SU9,87,84,22,217
23,A,17.08.2019 13:15,SU,1221,D,1,GOJ,SU9,87,79,23,205
24,D,17.08.2019 16:30,SU,1226,D,1,GOJ,SU9,87,77,24,205
25,A,17.08.2019 19:55,SU,1227,D,1,GOJ,SU9,87,53,25,205
26,D,17.08.2019 6:00,SU,1228,D,1,GOJ,SU9,87,72,26,205
27,A,17.08.2019 9:25,SU,1229,D,1,GOJ,SU9,87,70,27,205
28,D,17.08.2019 9:30,SU,1230,D,1,UFA,SU9,87,84,28,114
29,A,17.08.2019 14:55,SU,1231,D,1,UFA,SU9,87,84,29,205
30,D,17.08.2019 18:05,SU,1260,D,1,UFA,SU9,87,48,30,205
31,A,17.08.2019 23:35,SU,1261,D,1,UFA,SU9,87,38,31,205
32,D,17.08.2019 10:45,SU,1286,D,1,ULV,SU9,87,85,32,217
33,A,17.08.2019 15:00,SU,1287,D,1,ULV,SU9,87,72,33,205
34,D,17.08.2019 1:50,SU,1288,D,1,ULV,SU9,87,82,34,205
35,A,17.08.2019 6:55,SU,1289,D,1,ULV,SU9,87,59,35,217
36,D,17.08.2019 16:55,SU,1292,D,1,IJK,SU9,87,82,36,114
37,A,17.08.2019 21:50,SU,1293,D,1,IJK,SU9,87,73,37,217
38,D,17.08.2019 23:25,SU,1294,D,1,IJK,SU9,87,72,38,217
39,A,17.08.2019 4:20,SU,1295,D,1,IJK,SU9,87,65,39,205
40,D,17.08.2019 17:50,SU,1316,D,1,MMK,SU9,87,70,40,205
41,A,17.08.2019 0:05,SU,1317,D,1,MMK,SU9,87,83,41,213
42,D,17.08.2019 7:15,SU,1320,D,1,MMK,SU9,87,78,42,205
43,A,17.08.2019 12:55,SU,1321,D,1,MMK,SU9,87,84,43,205
44,D,17.08.2019 16:20,SU,1330,D,1,ARH,SU9,87,74,44,205
45,A,17.08.2019 21:10,SU,1331,D,1,ARH,SU9,87,76,45,217
46,D,17.08.2019 8:10,SU,1332,D,1,ARH,SU9,87,83,46,124
47,A,17.08.2019 13:00,SU,1333,D,1,ARH,SU9,87,83,47,114
48,D,17.08.2019 0:05,SU,1334,D,1,ARH,SU9,87,76,48,89
49,A,17.08.2019 4:50,SU,1335,D,1,ARH,SU9,87,82,49,124
50,D,17.08.2019 8:55,SU,1350,D,1,VOZ,SU9,87,73,50,217
51,A,17.08.2019 12:20,SU,1351,D,1,VOZ,SU9,87,84,51,114
52,D,17.08.2019 23:50,SU,1352,D,1,VOZ,SU9,87,48,52,205
53,A,17.08.2019 7:30,SU,1353,D,1,VOZ,SU9,87,75,53,205
54,D,17.08.2019 6:35,SU,1356,D,1,RTW,SU9,87,75,54,205
55,A,17.08.2019 11:10,SU,1357,D,1,RTW,SU9,87,82,55,124
56,D,17.08.2019 19:15,SU,1358,D,1,RTW,SU9,87,65,56,205
57,A,17.08.2019 23:35,SU,1359,D,1,RTW,SU9,87,72,57,205
58,D,17.08.2019 9:45,SU,1360,D,1,RTW,SU9,87,78,58,205
59,A,17.08.2019 14:05,SU,1361,D,1,RTW,SU9,87,53,59,205
60,D,17.08.2019 16:40,SU,1362,D,1,RTW,SU9,87,41,60,205
61,A,17.08.2019 21:05,SU,1363,D,1,RTW,SU9,87,48,61,205
62,D,17.08.2019 17:35,SU,1364,D,1,STW,SU9,87,86,62,205
63,A,17.08.2019 23:15,SU,1365,D,1,STW,SU9,87,70,63,205
64,D,17.08.2019 9:00,SU,1366,D,1,STW,SU9,87,87,64,124
65,A,17.08.2019 14:25,SU,1367,D,1,STW,SU9,87,84,65,217
66,D,17.08.2019 21:10,SU,1368,D,1,STW,SU9,87,54,66,217
67,A,17.08.2019 5:15,SU,1369,D,1,STW,SU9,87,78,67,217
68,D,17.08.2019 10:25,SU,1370,D,1,EGO,SU9,87,76,68,205
69,A,17.08.2019 14:20,SU,1371,D,1,EGO,SU9,87,70,69,217
70,D,17.08.2019 23:55,SU,1372,D,1,EGO,SU9,87,37,70,217
71,A,17.08.2019 4:10,SU,1373,D,1,EGO,SU9,87,75,71,205
72,D,17.08.2019 19:40,SU,1374,D,1,EGO,SU9,87,66,72,205
73,A,17.08.2019 23:35,SU,1375,D,1,EGO,SU9,87,77,73,205
74,D,17.08.2019 11:45,SU,1376,D,1,RTW,SU9,87,83,74,217
75,A,17.08.2019 15:55,SU,1377,D,1,RTW,SU9,87,77,75,205
76,D,17.08.2019 15:25,SU,1378,D,1,RTW,SU9,87,41,76,205
77,A,17.08.2019 19:40,SU,1379,D,1,RTW,SU9,87,49,77,205
78,D,17.08.2019 13:55,SU,1388,D,1,ULV,SU9,87,44,78,217
79,A,17.08.2019 18:05,SU,1389,D,1,ULV,SU9,87,43,79,217
80,D,17.08.2019 8:40,SU,1390,D,1,SCW,SU9,87,87,80,121
81,A,17.08.2019 13:50,SU,1391,D,1,SCW,SU9,87,70,81,205
82,D,17.08.2019 12:50,SU,1392,D,1,PEE,SU9,87,83,82,124
83,A,17.08.2019 22:10,SU,1393,D,1,PEE,SU9,87,76,83,205
84,D,17.08.2019 22:40,SU,1396,D,1,SCW,SU9,87,79,84,205
85,A,17.08.2019 4:35,SU,1397,D,1,SCW,SU9,87,70,85,205
86,D,17.08.2019 15:20,SU,1404,D,1,SVX,SU9,87,68,86,205
87,A,17.08.2019 21:35,SU,1405,D,1,SVX,SU9,87,79,87,205
88,D,17.08.2019 0:40,SU,1428,D,1,MQF,SU9,87,78,88,206
89,A,17.08.2019 6:30,SU,1429,D,1,MQF,SU9,87,87,89,205
90,D,17.08.2019 14:45,SU,1434,D,1,MQF,SU9,87,77,90,205
91,A,17.08.2019 20:55,SU,1435,D,1,MQF,SU9,87,70,91,217
92,D,17.08.2019 21:30,SU,1466,D,1,SKX,SU9,87,40,92,217
93,A,17.08.2019 7:45,SU,1467,D,1,SKX,SU9,87,69,93,217
94,D,17.08.2019 1:30,SU,1508,D,1,TJM,SU9,87,87,94,217
95,A,17.08.2019 8:20,SU,1509,D,1,TJM,SU9,87,86,95,114
96,D,17.08.2019 7:25,SU,1642,D,1,ASF,SU9,87,84,96,114
97,A,17.08.2019 13:05,SU,1643,D,1,ASF,SU9,87,87,97,217
98,D,17.08.2019 14:25,SU,1680,D,1,NBC,SU9,87,76,98,205
99,A,17.08.2019 19:25,SU,1681,D,1,NBC,SU9,87,77,99,217
100,D,17.08.2019 8:35,SU,1830,I,3,MSQ,SU9,87,75,100,19
101,A,17.08.2019 12:15,SU,1831,I,2,MSQ,SU9,87,78,101,80
102,D,17.08.2019 18:10,SU,1832,I,3,MSQ,SU9,87,57,102,19
103,A,17.08.2019 21:55,SU,1833,I,2,MSQ,SU9,87,82,103,48
104,D,17.08.2019 22:00,SU,1834,I,3,MSQ,SU9,87,78,104,19
105,A,17.08.2019 7:40,SU,1835,I,2,MSQ,SU9,87,79,105,80
106,D,17.08.2019 13:25,SU,1840,I,3,MSQ,SU9,87,68,106,19
107,A,17.08.2019 17:35,SU,1841,I,2,MSQ,SU9,87,77,107,80
108,D,17.08.2019 16:50,SU,1842,I,3,MSQ,SU9,87,80,108,19
109,A,17.08.2019 20:45,SU,1843,I,2,MSQ,SU9,87,79,109,80
110,D,17.08.2019 9:20,SU,2034,I,5,OTP,SU9,87,61,110,38
111,A,17.08.2019 16:25,SU,2035,I,5,OTP,SU9,87,63,111,10
112,D,17.08.2019 20:55,SU,2038,I,5,OTP,SU9,87,58,112,37
113,A,17.08.2019 5:05,SU,2039,I,3,OTP,SU9,87,69,113,19
114,D,17.08.2019 11:50,SU,2100,I,3,RIX,SU9,87,83,114,19
115,A,17.08.2019 16:10,SU,2101,I,3,RIX,SU9,87,77,115,19
116,D,17.08.2019 22:55,SU,2118,I,3,RIX,SU9,87,59,116,19
117,A,17.08.2019 4:30,SU,2119,I,3,RIX,SU9,87,78,117,19
118,D,17.08.2019 16:10,SU,2164,I,3,VNO,SU9,87,70,118,19
119,A,17.08.2019 20:45,SU,2165,I,3,VNO,SU9,87,82,119,19
120,D,17.08.2019 10:40,SU,2206,I,3,HEL,SU9,87,81,120,19
121,A,17.08.2019 15:10,SU,2207,I,3,HEL,SU9,87,72,121,19
122,D,17.08.2019 18:55,SU,2262,I,5,TLL,SU9,87,61,122,10
123,A,17.08.2019 23:30,SU,2263,I,3,TLL,SU9,87,72,123,19
124,D,17.08.2019 11:25,SU,2344,I,3,DRS,SU9,87,78,124,19
125,A,17.08.2019 17:55,SU,2345,I,3,DRS,SU9,87,66,125,19
126,D,17.08.2019 6:45,SU,6,D,1,LED,73H,158,147,126,124
127,A,17.08.2019 10:40,SU,7,D,1,LED,73H,158,142,127,124
128,D,17.08.2019 8:20,SU,10,D,1,LED,32A,158,144,128,124
129,A,17.08.2019 12:00,SU,11,D,1,LED,32A,158,127,129,124
130,D,17.08.2019 9:40,SU,12,D,1,LED,73H,158,158,130,124
131,A,17.08.2019 13:25,SU,13,D,1,LED,73H,158,152,131,124
132,D,17.08.2019 10:55,SU,14,D,1,LED,32A,158,127,132,114
133,A,17.08.2019 14:40,SU,15,D,1,LED,32A,158,156,133,205
134,D,17.08.2019 11:30,SU,16,D,1,LED,73H,158,136,134,124
135,A,17.08.2019 15:10,SU,17,D,1,LED,73H,158,155,135,121
136,D,17.08.2019 12:25,SU,18,D,1,LED,73H,158,127,136,114
137,A,17.08.2019 16:25,SU,19,D,1,LED,73H,158,151,137,124
138,D,17.08.2019 13:35,SU,20,D,1,LED,32A,158,155,138,124
139,A,17.08.2019 17:20,SU,21,D,1,LED,32A,158,158,139,114
140,D,17.08.2019 15:20,SU,22,D,1,LED,32A,158,154,140,114
141,A,17.08.2019 19:00,SU,23,D,1,LED,32A,158,155,141,124
142,D,17.08.2019 17:10,SU,24,D,1,LED,32A,158,148,142,114
143,A,17.08.2019 20:50,SU,25,D,1,LED,32A,158,154,143,124
144,D,17.08.2019 18:20,SU,26,D,1,LED,32A,158,152,144,114
145,A,17.08.2019 22:00,SU,27,D,1,LED,32A,158,158,145,114
146,D,17.08.2019 19:40,SU,28,D,1,LED,73H,158,126,146,124
147,A,17.08.2019 23:45,SU,29,D,1,LED,73H,158,125,147,124
148,D,17.08.2019 20:30,SU,30,D,1,LED,73H,158,113,148,124
149,A,17.08.2019 0:25,SU,31,D,1,LED,73H,158,119,149,114
150,D,17.08.2019 21:00,SU,32,D,1,LED,32A,158,138,150,124
151,A,17.08.2019 7:20,SU,33,D,1,LED,32A,158,136,151,114
152,D,17.08.2019 23:15,SU,34,D,1,LED,32A,158,152,152,124
153,A,17.08.2019 6:25,SU,35,D,1,LED,32A,158,141,153,114
154,D,17.08.2019 1:30,SU,36,D,1,LED,32A,158,145,154,124
155,A,17.08.2019 5:05,SU,37,D,1,LED,32A,158,151,155,124
156,D,17.08.2019 16:25,SU,38,D,1,LED,32A,158,147,156,114
157,A,17.08.2019 20:00,SU,39,D,1,LED,32A,158,155,157,124
158,D,17.08.2019 11:55,SU,42,D,1,LED,32A,158,153,158,114
159,A,17.08.2019 15:35,SU,43,D,1,LED,32A,158,152,159,124
160,D,17.08.2019 21:30,SU,44,D,1,LED,32A,158,144,160,114
161,A,17.08.2019 1:10,SU,45,D,1,LED,32A,158,122,161,124
162,D,17.08.2019 0:40,SU,46,D,1,LED,73H,158,154,162,114
163,A,17.08.2019 8:30,SU,47,D,1,LED,73H,158,140,163,114
164,D,17.08.2019 6:55,SU,506,I,3,TLV,73H,158,142,164,19
165,A,17.08.2019 16:50,SU,507,I,3,TLV,73H,158,148,165,19
166,A,17.08.2019 6:20,SU,511,I,3,BEY,32A,158,140,166,19
167,D,17.08.2019 21:05,SU,512,I,2,IKA,32A,158,86,167,48
168,A,17.08.2019 5:55,SU,513,I,2,IKA,32A,158,147,168,48
169,D,17.08.2019 8:15,SU,520,I,5,DXB,73H,158,158,169,38
170,A,17.08.2019 20:50,SU,521,I,5,DXB,73H,158,147,170,38
171,D,17.08.2019 18:40,SU,524,I,5,DXB,73H,158,152,171,34
172,A,17.08.2019 6:50,SU,525,I,5,DXB,73H,158,136,172,34
173,D,17.08.2019 6:40,SU,1000,D,1,KGD,73H,158,152,173,124
174,A,17.08.2019 11:20,SU,1001,D,1,KGD,73H,158,158,174,114
175,D,17.08.2019 10:10,SU,1002,D,1,KGD,32A,158,127,175,114
176,A,17.08.2019 15:15,SU,1003,D,1,KGD,32A,158,127,176,124
177,D,17.08.2019 13:45,SU,1004,D,1,KGD,32A,158,157,177,124
178,A,17.08.2019 19:00,SU,1005,D,1,KGD,32A,158,127,178,124
179,D,17.08.2019 18:30,SU,1006,D,1,KGD,73H,158,127,179,124
180,A,17.08.2019 23:25,SU,1007,D,1,KGD,73H,158,127,180,114
181,D,17.08.2019 20:05,SU,1008,D,1,KGD,32A,158,156,181,124
182,A,17.08.2019 5:50,SU,1009,D,1,KGD,32A,158,127,182,124
183,D,17.08.2019 16:35,SU,1010,D,1,KGD,32A,158,153,183,124
184,A,17.08.2019 21:20,SU,1011,D,1,KGD,32A,158,127,184,114
185,D,17.08.2019 7:50,SU,1042,D,1,OGZ,32A,158,140,185,124
186,A,17.08.2019 14:20,SU,1043,D,1,OGZ,32A,158,154,186,114
187,D,17.08.2019 8:05,SU,1052,D,1,MCX,32A,158,125,187,124
188,A,17.08.2019 15:00,SU,1053,D,1,MCX,32A,158,127,188,124
189,D,17.08.2019 22:00,SU,1056,D,1,MCX,32A,158,59,189,217
190,A,17.08.2019 4:45,SU,1057,D,1,MCX,32A,158,155,190,114
191,D,17.08.2019 15:00,SU,1058,D,1,MCX,32A,158,97,191,114
192,A,17.08.2019 21:40,SU,1059,D,1,MCX,32A,158,127,192,124
193,D,17.08.2019 15:10,SU,1064,D,1,NAL,32A,158,119,193,114
194,A,17.08.2019 21:00,SU,1065,D,1,NAL,32A,158,153,194,114
195,D,17.08.2019 14:50,SU,1078,D,1,IGT,32A,158,115,195,124
196,A,17.08.2019 21:30,SU,1079,D,1,IGT,32A,158,127,196,114
197,D,17.08.2019 12:25,SU,1102,D,1,KRR,73H,158,147,197,124
198,A,17.08.2019 18:00,SU,1103,D,1,KRR,73H,158,127,198,114
199,D,17.08.2019 14:40,SU,1104,D,1,KRR,73H,158,109,199,114
200,A,17.08.2019 20:25,SU,1105,D,1,KRR,73H,158,154,200,114
201,D,17.08.2019 15:55,SU,1106,D,1,KRR,73H,158,115,201,124
202,A,17.08.2019 21:35,SU,1107,D,1,KRR,73H,158,156,202,124
203,D,17.08.2019 23:35,SU,1112,D,1,KRR,32A,158,98,203,124
204,A,17.08.2019 5:05,SU,1113,D,1,KRR,32A,158,149,204,124
205,D,17.08.2019 10:30,SU,1116,D,3,AER,32A,158,157,205,13
206,A,17.08.2019 17:05,SU,1117,D,3,AER,32A,158,157,206,13
207,D,17.08.2019 19:00,SU,1118,D,1,AER,73H,158,138,207,121
208,A,17.08.2019 0:55,SU,1119,D,1,AER,73H,158,157,208,124
209,D,17.08.2019 6:05,SU,1120,D,1,AER,73H,158,141,209,124
210,A,17.08.2019 12:00,SU,1121,D,1,AER,73H,158,127,210,114
211,D,17.08.2019 12:20,SU,1122,D,1,AER,73H,158,158,211,114
212,A,17.08.2019 18:30,SU,1123,D,1,AER,73H,158,156,212,121
213,D,17.08.2019 14:10,SU,1124,D,1,AER,32A,158,154,213,114
214,A,17.08.2019 20:10,SU,1125,D,1,AER,32A,158,127,214,114
215,D,17.08.2019 23:10,SU,1128,D,1,AER,73H,158,101,215,114
216,A,17.08.2019 5:20,SU,1129,D,1,AER,73H,158,157,216,114
217,D,17.08.2019 17:45,SU,1130,D,1,AER,32A,158,149,217,114
218,A,17.08.2019 23:50,SU,1131,D,1,AER,32A,158,127,218,124
219,D,17.08.2019 9:05,SU,1134,D,1,AER,73H,158,156,219,124
220,A,17.08.2019 15:25,SU,1135,D,1,AER,73H,158,156,220,114
221,D,17.08.2019 20:50,SU,1140,D,1,AER,32A,158,108,221,114
222,A,17.08.2019 9:20,SU,1141,D,1,AER,32A,158,156,222,124
223,D,17.08.2019 15:00,SU,1142,D,1,AAQ,32A,158,152,223,124
224,A,17.08.2019 20:40,SU,1143,D,1,AAQ,32A,158,148,224,114
225,D,17.08.2019 21:50,SU,1144,D,1,AAQ,73H,158,93,225,114
226,A,17.08.2019 8:25,SU,1145,D,1,AAQ,73H,158,155,226,114
227,D,17.08.2019 6:30,SU,1146,D,1,AAQ,32A,158,147,227,124
228,A,17.08.2019 12:05,SU,1147,D,1,AAQ,32A,158,153,228,124
229,D,17.08.2019 15:35,SU,1148,D,1,GDZ,32A,158,148,229,124
230,A,17.08.2019 21:15,SU,1149,D,1,GDZ,32A,158,143,230,114
231,D,17.08.2019 13:10,SU,1150,D,1,GDZ,32A,158,152,231,114
232,A,17.08.2019 19:05,SU,1151,D,1,GDZ,32A,158,150,232,205
233,D,17.08.2019 8:10,SU,1152,D,1,GDZ,32A,158,156,233,217
234,A,17.08.2019 14:10,SU,1153,D,1,GDZ,32A,158,143,234,114
235,D,17.08.2019 7:30,SU,1158,D,1,ROV,73H,158,129,235,217
236,A,17.08.2019 12:30,SU,1159,D,1,ROV,73H,158,150,236,205
237,D,17.08.2019 9:00,SU,1162,D,1,ROV,32A,158,128,237,205
238,A,17.08.2019 13:55,SU,1163,D,1,ROV,32A,158,150,238,124
239,D,17.08.2019 21:35,SU,1172,D,1,ASF,32A,158,158,239,124
240,A,17.08.2019 8:40,SU,1173,D,1,ASF,32A,158,154,240,114
241,D,17.08.2019 14:50,SU,1174,D,1,ASF,32A,158,146,241,124
242,A,17.08.2019 20:30,SU,1175,D,1,ASF,32A,158,127,242,124
243,D,17.08.2019 14:55,SU,1182,D,1,VOG,73H,158,149,243,114
244,A,17.08.2019 19:35,SU,1183,D,1,VOG,73H,158,157,244,114
245,D,17.08.2019 22:50,SU,1184,D,1,VOG,73H,158,146,245,124
246,A,17.08.2019 7:50,SU,1185,D,1,VOG,73H,158,148,246,124
247,D,17.08.2019 2:00,SU,1188,D,1,VOG,73H,158,151,247,124
248,A,17.08.2019 9:45,SU,1189,D,1,VOG,73H,158,152,248,124
249,D,17.08.2019 16:00,SU,1192,D,1,KZN,32A,158,149,249,124
250,A,17.08.2019 20:25,SU,1193,D,1,KZN,32A,158,70,250,217
251,D,17.08.2019 0:45,SU,1196,D,1,KZN,73H,158,139,251,121
252,A,17.08.2019 5:00,SU,1197,D,1,KZN,73H,158,78,252,205
253,A,17.08.2019 8:35,SU,1199,D,1,KZN,32A,158,70,253,205
254,D,17.08.2019 7:20,SU,1200,D,1,PEE,32A,158,157,254,124
255,A,17.08.2019 12:35,SU,1201,D,1,PEE,32A,158,155,255,114
256,D,17.08.2019 9:40,SU,1208,D,1,KUF,32A,158,150,256,114
257,A,17.08.2019 14:05,SU,1209,D,1,KUF,32A,158,150,257,114
258,D,17.08.2019 8:10,SU,1210,D,1,KUF,32A,158,140,258,124
259,A,17.08.2019 13:00,SU,1211,D,1,KUF,32A,158,141,259,114
260,D,17.08.2019 13:45,SU,1212,D,1,KUF,73H,158,118,260,124
261,A,17.08.2019 18:25,SU,1213,D,1,KUF,73H,158,126,261,124
262,D,17.08.2019 17:05,SU,1214,D,1,KUF,73H,158,121,262,114
263,A,17.08.2019 21:30,SU,1215,D,1,KUF,73H,158,126,263,124
264,D,17.08.2019 22:35,SU,1216,D,1,KUF,73H,158,115,264,121
265,A,17.08.2019 7:20,SU,1217,D,1,KUF,32A,158,139,265,124
266,D,17.08.2019 0:10,SU,1222,D,1,GOJ,73H,158,127,266,124
267,A,17.08.2019 6:15,SU,1223,D,1,GOJ,73H,158,132,267,114
268,D,17.08.2019 18:30,SU,1224,D,1,GOJ,73H,158,99,268,114
269,A,17.08.2019 21:50,SU,1225,D,1,GOJ,73H,158,78,269,205
270,D,17.08.2019 14:20,SU,1232,D,1,UFA,32A,158,158,270,124
271,A,17.08.2019 19:40,SU,1233,D,1,UFA,32A,158,151,271,114
272,D,17.08.2019 1:40,SU,1234,D,1,UFA,32A,158,149,272,121
273,A,17.08.2019 8:15,SU,1235,D,1,UFA,32A,158,152,273,114
274,D,17.08.2019 20:10,SU,1238,D,1,UFA,32A,158,109,274,124
275,A,17.08.2019 5:50,SU,1239,D,1,UFA,32A,158,150,275,114
276,D,17.08.2019 15:35,SU,1248,D,1,REN,73H,158,158,276,124
277,A,17.08.2019 21:10,SU,1249,D,1,REN,73H,158,136,277,114
278,D,17.08.2019 21:50,SU,1250,D,1,NBC,32A,158,88,278,114
279,A,17.08.2019 6:45,SU,1251,D,1,NBC,32A,158,90,279,114
280,D,17.08.2019 7:00,SU,1254,D,1,NBC,32A,158,129,280,124
281,A,17.08.2019 11:45,SU,1255,D,1,NBC,32A,158,135,281,114
282,D,17.08.2019 16:00,SU,1258,D,1,UFA,32A,158,126,282,124
283,A,17.08.2019 21:15,SU,1259,D,1,UFA,32A,158,135,283,114
284,D,17.08.2019 8:20,SU,1268,D,1,KZN,32A,158,144,284,124
285,A,17.08.2019 12:25,SU,1269,D,1,KZN,32A,158,49,285,205
286,D,17.08.2019 21:50,SU,1274,D,1,KRR,73H,158,100,286,217
287,A,17.08.2019 8:25,SU,1275,D,1,KRR,73H,158,149,287,217
288,D,17.08.2019 11:05,SU,1276,D,1,KZN,73H,158,149,288,217
289,A,17.08.2019 15:10,SU,1277,D,1,KZN,73H,158,125,289,217
290,D,17.08.2019 6:00,SU,1284,D,1,KRR,73H,158,132,290,217
291,A,17.08.2019 12:55,SU,1285,D,1,KRR,73H,158,158,291,217
292,D,17.08.2019 2:40,SU,1300,D,1,MRV,32A,158,139,292,217
293,A,17.08.2019 9:35,SU,1301,D,1,MRV,32A,158,150,293,205
294,D,17.08.2019 16:30,SU,1302,D,1,MRV,73H,158,136,294,205
295,A,17.08.2019 22:15,SU,1303,D,1,MRV,73H,158,151,295,217
296,D,17.08.2019 7:45,SU,1304,D,1,MRV,32A,158,144,296,205
297,A,17.08.2019 13:30,SU,1305,D,1,MRV,32A,158,158,297,205
298,D,17.08.2019 1:05,SU,1306,D,1,OVB,73H,158,150,298,215
299,A,17.08.2019 10:25,SU,1307,D,1,OVB,73H,158,158,299,205
300,D,17.08.2019 20:55,SU,1314,D,1,MRV,73H,158,131,300,217
301,A,17.08.2019 4:55,SU,1315,D,1,MRV,73H,158,152,301,205
302,D,17.08.2019 23:20,SU,1322,D,1,MMK,32A,158,127,302,217
303,A,17.08.2019 5:10,SU,1323,D,1,MMK,32A,158,146,303,217
304,D,17.08.2019 20:25,SU,1340,D,1,GOJ,32A,158,81,304,217
305,A,17.08.2019 23:45,SU,1341,D,1,GOJ,32A,158,71,305,205
306,D,17.08.2019 1:00,SU,1382,D,1,HMA,73H,158,154,306,202
307,A,17.08.2019 8:05,SU,1383,D,1,HMA,73H,158,147,307,205
308,D,17.08.2019 22:20,SU,1394,D,1,PEE,32A,158,126,308,205
309,A,17.08.2019 8:00,SU,1395,D,1,PEE,32A,158,155,309,217
310,D,17.08.2019 8:30,SU,1400,D,1,SVX,32A,158,153,310,205
311,A,17.08.2019 14:30,SU,1401,D,1,SVX,32A,158,151,311,217
312,D,17.08.2019 11:20,SU,1402,D,1,SVX,73H,158,145,312,205
313,A,17.08.2019 17:30,SU,1403,D,1,SVX,73H,158,154,313,205
314,D,17.08.2019 21:30,SU,1406,D,1,SVX,32A,158,140,314,217
315,A,17.08.2019 7:30,SU,1407,D,1,SVX,32A,158,156,315,205
316,D,17.08.2019 23:45,SU,1408,D,1,SVX,32A,158,128,316,217
317,A,17.08.2019 5:45,SU,1409,D,1,SVX,32A,158,156,317,205
318,D,17.08.2019 6:45,SU,1410,D,1,SVX,32A,158,127,318,205
319,A,17.08.2019 12:40,SU,1411,D,1,SVX,32A,158,157,319,217
320,D,17.08.2019 13:30,SU,1412,D,1,SVX,32A,158,147,320,217
321,A,17.08.2019 19:20,SU,1413,D,1,SVX,32A,158,157,321,217
322,D,17.08.2019 17:30,SU,1414,D,1,SVX,73H,158,150,322,217
323,A,17.08.2019 23:40,SU,1415,D,1,SVX,73H,158,149,323,217
324,D,17.08.2019 6:50,SU,1420,D,1,CEK,32A,158,152,324,205
325,A,17.08.2019 12:45,SU,1421,D,1,CEK,32A,158,150,325,217
326,D,17.08.2019 14:00,SU,1422,D,1,CEK,32A,158,156,326,217
327,A,17.08.2019 20:05,SU,1423,D,1,CEK,32A,158,127,327,217
328,D,17.08.2019 0:05,SU,1424,D,1,CEK,32A,158,151,328,205
329,A,17.08.2019 6:00,SU,1425,D,1,CEK,32A,158,156,329,217
330,D,17.08.2019 17:45,SU,1426,D,1,CEK,32A,158,140,330,217
331,A,17.08.2019 0:20,SU,1427,D,1,CEK,32A,158,155,331,191
332,D,17.08.2019 21:40,SU,1430,D,3,BAX,73H,158,135,332,13
333,A,17.08.2019 7:35,SU,1431,D,3,BAX,73H,158,155,333,13
334,D,17.08.2019 9:05,SU,1432,D,3,BAX,32A,158,144,334,13
335,A,17.08.2019 18:35,SU,1433,D,3,BAX,32A,158,157,335,13
336,D,17.08.2019 1:55,SU,1436,D,1,SVX,32A,158,127,336,88
337,A,17.08.2019 9:15,SU,1437,D,1,SVX,32A,158,157,337,205
338,D,17.08.2019 17:25,SU,1440,D,1,IKT,73H,158,132,338,217
339,A,17.08.2019 6:40,SU,1441,D,1,IKT,73H,158,157,339,217
340,D,17.08.2019 7:30,SU,1444,D,1,IKT,73H,158,130,340,205
341,A,17.08.2019 20:40,SU,1445,D,1,IKT,73H,158,157,341,217
342,D,17.08.2019 23:15,SU,1446,D,3,BAX,32A,158,151,342,13
343,A,17.08.2019 8:50,SU,1447,D,3,BAX,32A,158,127,343,13
344,D,17.08.2019 22:20,SU,1458,D,3,NOZ,73H,158,132,344,13
345,A,17.08.2019 8:25,SU,1459,D,3,NOZ,73H,158,155,345,13
346,D,17.08.2019 9:10,SU,1460,D,1,OVB,73H,158,147,346,205
347,A,17.08.2019 18:45,SU,1461,D,1,OVB,73H,158,127,347,205
348,D,17.08.2019 6:25,SU,1462,D,1,OVB,73H,158,156,348,205
349,A,17.08.2019 15:55,SU,1463,D,1,OVB,73H,158,157,349,217
350,D,17.08.2019 1:50,SU,1472,D,3,NJC,73H,158,154,350,13
351,A,17.08.2019 10:00,SU,1473,D,3,NJC,73H,158,154,351,13
352,D,17.08.2019 0:10,SU,1478,D,3,ABA,73H,158,151,352,13
353,A,17.08.2019 10:55,SU,1479,D,3,ABA,73H,158,127,353,13
354,D,17.08.2019 20:25,SU,1480,D,1,KJA,32A,158,144,354,217
355,A,17.08.2019 7:10,SU,1481,D,1,KJA,32A,158,158,355,205
356,D,17.08.2019 7:40,SU,1486,D,1,KJA,73H,158,141,356,217
357,A,17.08.2019 18:50,SU,1487,D,1,KJA,73H,158,157,357,217
358,D,17.08.2019 11:40,SU,1490,D,1,SLY,32A,158,115,358,217
359,A,17.08.2019 18:55,SU,1491,D,1,SLY,32A,158,112,359,217
360,D,17.08.2019 8:05,SU,1498,D,1,GRV,32A,158,132,360,205
361,A,17.08.2019 14:50,SU,1499,D,1,GRV,32A,158,158,361,217
362,D,17.08.2019 8:25,SU,1500,D,1,TJM,32A,158,157,362,205
363,A,17.08.2019 15:15,SU,1501,D,1,TJM,32A,158,157,363,217
364,D,17.08.2019 23:40,SU,1502,D,1,TJM,32A,158,127,364,217
365,A,17.08.2019 6:20,SU,1503,D,1,TJM,32A,158,152,365,205
366,D,17.08.2019 14:00,SU,1506,D,1,TJM,73H,158,146,366,217
367,A,17.08.2019 20:55,SU,1507,D,1,TJM,73H,158,149,367,217
368,D,17.08.2019 21:45,SU,1510,D,1,SGC,32A,158,149,368,217
369,A,17.08.2019 6:15,SU,1511,D,1,SGC,32A,158,150,369,205
370,D,17.08.2019 1:35,SU,1512,D,1,SGC,32A,158,127,370,203
371,A,17.08.2019 9:30,SU,1513,D,1,SGC,32A,158,155,371,217
372,D,17.08.2019 6:40,SU,1516,D,1,SGC,32A,158,156,372,205
373,A,17.08.2019 14:00,SU,1517,D,1,SGC,32A,158,152,373,205
374,D,17.08.2019 1:55,SU,1522,D,1,NUX,32A,158,154,374,206
375,A,17.08.2019 10:40,SU,1523,D,1,NUX,32A,158,153,375,205
376,D,17.08.2019 23:05,SU,1530,D,3,TOF,73H,158,143,376,13
377,A,17.08.2019 8:55,SU,1531,D,3,TOF,73H,158,157,377,13
378,D,17.08.2019 22:15,SU,1532,D,1,CEK,32A,158,151,378,217
379,A,17.08.2019 8:00,SU,1533,D,1,CEK,32A,158,152,379,217
380,D,17.08.2019 17:50,SU,1542,D,1,AAQ,32A,158,136,380,217
381,A,17.08.2019 0:05,SU,1543,D,1,AAQ,32A,158,146,381,205
382,D,17.08.2019 8:15,SU,1546,D,1,AAQ,32A,158,152,382,205
383,A,17.08.2019 13:40,SU,1547,D,1,AAQ,32A,158,147,383,205
384,D,17.08.2019 20:35,SU,1548,D,1,OVB,73H,158,138,384,205
385,A,17.08.2019 6:10,SU,1549,D,1,OVB,32A,158,127,385,217
386,D,17.08.2019 1:05,SU,1562,D,1,IKT,73H,158,146,386,190
387,A,17.08.2019 14:15,SU,1563,D,1,IKT,73H,158,157,387,217
388,D,17.08.2019 6:25,SU,1602,D,1,KUF,73H,158,140,388,217
389,A,17.08.2019 10:50,SU,1603,D,1,KUF,73H,158,135,389,205
390,D,17.08.2019 16:10,SU,1618,D,1,SIP,32A,158,127,390,205
391,A,17.08.2019 22:10,SU,1619,D,1,SIP,32A,158,127,391,217
392,D,17.08.2019 9:15,SU,1620,D,1,SIP,32A,158,155,392,205
393,A,17.08.2019 15:30,SU,1621,D,1,SIP,32A,158,127,393,205
394,D,17.08.2019 11:45,SU,1622,D,1,SIP,73H,158,127,394,217
395,A,17.08.2019 18:15,SU,1623,D,1,SIP,73H,158,127,395,217
396,D,17.08.2019 14:55,SU,1624,D,1,SIP,32A,158,127,396,217
397,A,17.08.2019 21:20,SU,1625,D,1,SIP,32A,158,127,397,217
398,D,17.08.2019 21:00,SU,1626,D,1,SIP,73H,158,151,398,217
399,A,17.08.2019 5:00,SU,1627,D,1,SIP,73H,158,158,399,205
400,D,17.08.2019 13:35,SU,1628,D,1,SIP,32A,158,152,400,205
401,A,17.08.2019 19:50,SU,1629,D,1,SIP,32A,158,127,401,217
402,D,17.08.2019 1:20,SU,1632,D,1,SIP,32A,158,127,402,89
403,A,17.08.2019 7:25,SU,1633,D,1,SIP,32A,158,158,403,205
404,D,17.08.2019 6:10,SU,1636,D,1,SIP,32A,158,153,404,217
405,A,17.08.2019 12:20,SU,1637,D,1,SIP,32A,158,157,405,217
406,D,17.08.2019 0:40,SU,1638,D,3,OMS,32A,158,146,406,11
407,A,17.08.2019 8:35,SU,1639,D,3,OMS,32A,158,127,407,13
408,D,17.08.2019 6:15,SU,1640,D,3,OMS,73H,158,151,408,13
409,A,17.08.2019 14:10,SU,1641,D,3,OMS,73H,158,127,409,13
410,D,17.08.2019 7:25,SU,1644,D,1,SIP,32A,158,127,410,205
411,A,17.08.2019 13:25,SU,1645,D,1,SIP,32A,158,157,411,217
412,D,17.08.2019 22:50,SU,1646,D,3,NJC,32A,158,127,412,13
413,A,17.08.2019 7:00,SU,1647,D,3,NJC,32A,158,158,413,13
414,D,17.08.2019 12:40,SU,1648,D,1,SIP,32A,158,127,414,217
415,A,17.08.2019 19:10,SU,1649,D,1,SIP,32A,158,127,415,217
416,D,17.08.2019 17:25,SU,1658,D,1,SIP,32A,158,127,416,217
417,A,17.08.2019 23:55,SU,1659,D,1,SIP,32A,158,157,417,205
418,A,17.08.2019 11:25,SU,1751,D,1,YKS,73H,158,149,418,217
419,D,17.08.2019 10:00,SU,1758,D,1,VOG,73H,158,127,419,217
420,A,17.08.2019 14:50,SU,1759,D,1,VOG,73H,158,127,420,205
421,D,17.08.2019 22:25,SU,1762,D,3,OMS,32A,158,156,421,13
422,A,17.08.2019 6:25,SU,1763,D,3,OMS,32A,158,127,422,13
423,D,17.08.2019 15:05,SU,1768,D,1,PEE,32A,158,140,423,205
424,A,17.08.2019 20:20,SU,1769,D,1,PEE,32A,158,152,424,217
425,D,17.08.2019 22:45,SU,1844,I,3,KIV,32A,158,141,425,19
426,D,17.08.2019 9:55,SU,1854,I,5,GYD,73H,158,138,426,10
427,A,17.08.2019 17:20,SU,1855,I,5,GYD,73H,158,156,427,10
428,D,17.08.2019 6:30,SU,1858,I,3,EVN,32A,158,151,428,19
429,A,17.08.2019 13:10,SU,1859,I,3,EVN,32A,158,127,429,19
430,D,17.08.2019 9:45,SU,1860,I,3,EVN,32A,158,146,430,19
431,A,17.08.2019 16:45,SU,1861,I,3,EVN,32A,158,127,431,19
432,D,17.08.2019 2:05,SU,1864,I,3,EVN,32A,158,136,432,19
433,A,17.08.2019 9:40,SU,1865,I,3,EVN,32A,158,154,433,19
434,D,17.08.2019 20:40,SU,1868,I,3,EVN,73H,158,154,434,19
435,A,17.08.2019 4:45,SU,1869,I,3,EVN,73H,158,127,435,19
436,D,17.08.2019 8:10,SU,1872,I,3,TAS,73H,158,153,436,19
437,A,17.08.2019 18:15,SU,1873,I,3,TAS,73H,158,156,437,19
438,D,17.08.2019 22:40,SU,1876,I,3,BHK,32A,158,157,438,19
439,D,17.08.2019 7:40,SU,1880,I,3,FRU,32A,158,127,439,19
440,A,17.08.2019 17:50,SU,1881,I,3,FRU,32A,158,153,440,19
441,D,17.08.2019 20:50,SU,1894,I,3,OSS,73H,158,127,441,19
442,A,17.08.2019 7:10,SU,1895,I,3,OSS,73H,158,127,442,19
443,D,17.08.2019 7:45,SU,1940,I,2,ALA,73H,158,150,443,80
444,A,17.08.2019 18:20,SU,1941,I,2,ALA,73H,158,157,444,78
445,D,17.08.2019 21:40,SU,1950,I,2,CIT,32A,158,158,445,80
446,D,17.08.2019 18:05,SU,2002,I,3,WAW,32A,158,115,446,19
447,A,17.08.2019 23:15,SU,2003,I,3,WAW,32A,158,129,447,19
448,D,17.08.2019 7:45,SU,2006,I,3,WAW,32A,158,144,448,19
449,A,17.08.2019 12:50,SU,2007,I,3,WAW,32A,158,153,449,19
450,D,17.08.2019 7:30,SU,2010,I,5,PRG,73H,158,137,450,38
451,A,17.08.2019 13:50,SU,2011,I,5,PRG,73H,158,138,451,34
452,D,17.08.2019 14:55,SU,2014,I,5,PRG,73H,158,145,452,34
453,A,17.08.2019 21:25,SU,2015,I,3,PRG,73H,158,137,453,19
454,D,17.08.2019 13:00,SU,2018,I,5,PRG,73H,158,146,454,10
455,A,17.08.2019 19:30,SU,2019,I,5,PRG,73H,158,146,455,34
456,D,17.08.2019 10:10,SU,2030,I,2,BUD,32A,158,147,456,78
457,A,17.08.2019 16:30,SU,2031,I,2,BUD,32A,158,149,457,78
458,D,17.08.2019 7:05,SU,2032,I,2,BUD,32A,158,148,458,78
459,A,17.08.2019 13:25,SU,2033,I,3,BUD,32A,158,154,459,19
460,D,17.08.2019 9:55,SU,2054,I,3,TIV,73H,158,147,460,19
461,A,17.08.2019 17:30,SU,2055,I,5,TIV,73H,158,127,461,10
462,D,17.08.2019 8:15,SU,2060,I,2,SOF,32A,158,151,462,78
463,A,17.08.2019 15:35,SU,2061,I,2,SOF,32A,158,127,463,80
464,D,17.08.2019 14:15,SU,2074,I,5,LCA,73H,158,153,464,10
465,A,17.08.2019 23:15,SU,2075,I,3,LCA,73H,158,154,465,19
466,D,17.08.2019 20:15,SU,2092,I,2,BEG,32A,158,133,466,78
467,D,17.08.2019 17:20,SU,2096,I,3,BEG,73H,158,131,467,19
468,A,17.08.2019 0:10,SU,2097,I,3,BEG,73H,158,137,468,20
469,D,17.08.2019 8:45,SU,2106,I,5,TLL,73H,158,134,469,10
470,A,17.08.2019 13:10,SU,2107,I,5,TLL,73H,158,141,470,38
471,A,17.08.2019 6:35,SU,2109,I,5,VNO,32A,158,58,471,10
472,D,17.08.2019 14:30,SU,2122,I,3,HER,73H,158,157,472,19
473,A,17.08.2019 23:55,SU,2123,I,3,HER,73H,158,152,473,19
474,D,17.08.2019 7:50,SU,2130,I,2,IST,73H,158,149,474,80
475,A,17.08.2019 16:00,SU,2131,I,2,IST,73H,158,151,475,80
476,A,17.08.2019 6:05,SU,2135,I,3,IST,73H,158,147,476,19
477,D,17.08.2019 10:00,SU,2136,I,3,IST,32A,158,114,477,19
478,A,17.08.2019 18:25,SU,2137,I,2,IST,32A,158,124,478,80
479,D,17.08.2019 17:40,SU,2138,I,2,IST,73H,158,134,479,80
480,A,17.08.2019 4:05,SU,2139,I,3,IST,73H,158,147,480,19
481,D,17.08.2019 11:20,SU,2152,I,3,DUS,32A,158,158,481,19
482,A,17.08.2019 18:50,SU,2153,I,3,DUS,32A,158,143,482,19
483,D,17.08.2019 14:25,SU,2154,I,3,DUS,32A,158,156,483,19
484,A,17.08.2019 21:50,SU,2155,I,3,DUS,32A,158,143,484,19
485,D,17.08.2019 15:55,SU,2156,I,3,BOJ,32A,158,115,485,19
486,A,17.08.2019 23:50,SU,2157,I,3,BOJ,32A,158,127,486,19
487,D,17.08.2019 8:15,SU,2168,I,5,BRU,73H,158,148,487,10
488,A,17.08.2019 16:10,SU,2169,I,5,BRU,73H,158,136,488,38
489,D,17.08.2019 10:20,SU,2174,I,5,OSL,32A,158,149,489,10
490,A,17.08.2019 16:40,SU,2175,I,5,OSL,32A,158,149,490,10
491,D,17.08.2019 10:25,SU,2210,I,3,ARN,73H,158,157,491,19
492,A,17.08.2019 15:50,SU,2211,I,3,ARN,73H,158,132,492,19
493,D,17.08.2019 9:20,SU,2312,I,3,SXF,32A,158,156,493,19
494,A,17.08.2019 15:45,SU,2313,I,3,SXF,32A,158,149,494,19
495,D,17.08.2019 15:25,SU,2314,I,3,SXF,32A,158,158,495,19
496,A,17.08.2019 21:45,SU,2315,I,3,SXF,32A,158,154,496,19
497,D,17.08.2019 19:35,SU,2316,I,3,SXF,32A,158,158,497,19
498,A,17.08.2019 4:00,SU,2317,I,3,SXF,32A,158,153,498,19
499,D,17.08.2019 11:20,SU,2318,I,3,SXF,32A,158,146,499,19
500,A,17.08.2019 18:00,SU,2319,I,3,SXF,32A,158,150,500,19
501,D,17.08.2019 6:50,SU,2320,I,3,MUC,32A,158,148,501,19
502,A,17.08.2019 14:15,SU,2321,I,3,MUC,32A,158,155,502,19
503,D,17.08.2019 14:30,SU,2326,I,3,MUC,32A,158,127,503,19
504,A,17.08.2019 21:40,SU,2327,I,3,MUC,32A,158,154,504,19
505,D,17.08.2019 10:55,SU,2336,I,3,STR,73H,158,141,505,19
506,A,17.08.2019 18:35,SU,2337,I,3,STR,73H,158,152,506,19
507,D,17.08.2019 19:00,SU,2338,I,3,STR,32A,158,152,507,19
508,A,17.08.2019 2:50,SU,2339,I,3,STR,32A,158,158,508,19
509,D,17.08.2019 10:45,SU,2342,I,3,HAJ,32A,158,152,509,19
510,A,17.08.2019 17:45,SU,2343,I,3,HAJ,32A,158,148,510,19
511,D,17.08.2019 16:45,SU,2352,I,3,VIE,32A,158,155,511,19
512,A,17.08.2019 23:25,SU,2353,I,5,VIE,32A,158,151,512,38
513,D,17.08.2019 20:00,SU,2354,I,5,VIE,73H,158,139,513,10
514,A,17.08.2019 4:10,SU,2355,I,5,VIE,73H,158,147,514,38
515,D,17.08.2019 12:00,SU,2356,I,3,VIE,73H,158,141,515,19
516,A,17.08.2019 18:40,SU,2357,I,5,VIE,73H,158,148,516,10
517,D,17.08.2019 20:00,SU,2376,I,5,LYS,32A,158,153,517,10
518,D,17.08.2019 10:20,SU,2418,I,3,FCO,73H,158,153,518,19
519,A,17.08.2019 19:10,SU,2419,I,3,FCO,73H,158,134,519,19
520,D,17.08.2019 19:45,SU,2422,I,5,VCE,73H,158,127,520,34
521,D,17.08.2019 20:05,SU,2428,I,3,BLQ,73H,158,143,521,19
522,A,17.08.2019 4:25,SU,2429,I,5,BLQ,73H,158,106,522,38
523,D,17.08.2019 19:30,SU,2436,I,3,DUS,32A,158,154,523,19
524,A,17.08.2019 10:30,SU,2437,I,3,DUS,32A,158,142,524,19
525,D,17.08.2019 8:00,SU,2480,I,3,NAP,73H,158,158,525,19
526,A,17.08.2019 17:00,SU,2481,I,3,NAP,73H,158,136,526,19
527,D,17.08.2019 19:50,SU,2496,I,5,CPH,73H,158,131,527,38
528,A,17.08.2019 3:35,SU,2497,I,5,CPH,73H,158,121,528,10
529,D,17.08.2019 9:00,SU,2502,I,2,VLC,73H,158,137,529,80
530,A,17.08.2019 19:35,SU,2503,I,2,VLC,73H,158,150,530,80
531,D,17.08.2019 12:05,SU,2518,I,3,PMI,32A,158,146,531,19
532,A,17.08.2019 22:35,SU,2519,I,3,PMI,32A,158,156,532,19
533,D,17.08.2019 18:00,SU,2528,I,5,AGP,73H,158,143,533,10
534,A,17.08.2019 5:50,SU,2529,I,5,AGP,73H,158,143,534,38
535,D,17.08.2019 18:25,SU,2534,I,5,OSL,73H,158,150,535,38
536,A,17.08.2019 0:35,SU,2535,I,3,OSL,73H,158,93,536,11
537,D,17.08.2019 7:35,SU,2536,I,3,DUS,32A,158,156,537,19
538,A,17.08.2019 14:55,SU,2537,I,3,DUS,32A,158,137,538,19
539,A,17.08.2019 4:30,SU,2585,I,3,LHR,73H,158,156,539,19
540,D,17.08.2019 19:35,SU,2590,I,5,DUB,32A,158,147,540,38
541,D,17.08.2019 19:30,SU,2606,I,2,LIS,73H,158,141,541,78
542,A,17.08.2019 16:10,SU,2607,I,3,LIS,73H,158,149,542,19
543,D,17.08.2019 11:00,SU,2612,I,3,MXP,73H,158,157,543,19
544,A,17.08.2019 19:25,SU,2613,I,3,MXP,73H,158,143,544,19
545,D,17.08.2019 19:50,SU,2618,I,5,BRU,73H,158,150,545,38
546,A,17.08.2019 3:55,SU,2619,I,5,BRU,32A,158,114,546,10
547,D,17.08.2019 10:00,SU,2620,I,3,AGP,73H,158,142,547,19
548,A,17.08.2019 21:55,SU,2621,I,3,AGP,73H,158,127,548,19
549,D,17.08.2019 14:50,SU,2628,I,5,BRU,73H,158,157,549,38
550,A,17.08.2019 22:50,SU,2629,I,5,BRU,73H,158,126,550,38
551,D,17.08.2019 15:30,SU,2656,I,3,FRA,73H,158,157,551,19
552,A,17.08.2019 23:10,SU,2657,I,3,FRA,73H,158,153,552,19
553,D,17.08.2019 10:20,SU,2658,I,5,CPH,73H,158,154,553,10
554,A,17.08.2019 16:30,SU,2659,I,5,CPH,73H,158,126,554,37
555,D,17.08.2019 7:15,SU,2684,I,3,SXF,73H,158,151,555,19
556,A,17.08.2019 13:30,SU,2685,I,3,SXF,73H,158,142,556,19
557,D,17.08.2019 14:35,SU,2694,I,5,AMS,32A,158,152,557,38
558,A,17.08.2019 22:40,SU,2695,I,5,AMS,32A,158,145,558,10
559,D,17.08.2019 14:40,VN,62,I,3,HAN,789,274,274,559,19
560,A,17.08.2019 6:45,VN,63,I,3,HAN,789,274,220,560,19
561,D,17.08.2019 9:20,SU,100,I,3,JFK,77W,402,398,561,19
562,A,17.08.2019 6:25,SU,101,I,3,JFK,77W,402,298,562,19
563,D,17.08.2019 14:15,SU,102,I,3,JFK,77W,402,385,563,19
564,A,17.08.2019 11:45,SU,103,I,3,JFK,77W,402,337,564,19
565,D,17.08.2019 12:00,SU,106,I,3,LAX,77W,402,391,565,19
566,A,17.08.2019 13:20,SU,107,I,3,LAX,77W,402,337,566,19
567,D,17.08.2019 12:30,SU,200,I,3,PEK,77W,402,400,567,19
568,A,17.08.2019 5:35,SU,201,I,2,PEK,77W,402,374,568,48
569,D,17.08.2019 21:20,SU,204,I,3,PEK,77W,402,394,569,19
570,A,17.08.2019 14:45,SU,205,I,3,PEK,77W,402,386,570,19
571,D,17.08.2019 9:30,SU,206,I,2,PVG,77W,402,378,571,48
572,A,17.08.2019 5:45,SU,207,I,3,PVG,77W,402,379,572,19
573,D,17.08.2019 20:05,SU,208,I,2,PVG,77W,402,379,573,48
574,A,17.08.2019 16:20,SU,209,I,2,PVG,77W,402,373,574,48
575,D,17.08.2019 19:20,SU,212,I,2,HKG,77W,402,377,575,48
576,A,17.08.2019 16:40,SU,213,I,2,HKG,77W,402,371,576,48
577,D,17.08.2019 20:45,SU,250,I,3,ICN,77W,402,394,577,19
578,A,17.08.2019 16:30,SU,251,I,3,ICN,77W,402,320,578,19
579,D,17.08.2019 19:00,SU,260,I,3,NRT,77W,402,370,579,19
580,A,17.08.2019 16:05,SU,263,I,3,NRT,77W,402,386,580,19
581,D,17.08.2019 19:25,SU,290,I,3,HAN,77W,402,350,581,19
582,A,17.08.2019 16:35,SU,291,I,3,HAN,77W,402,398,582,19
583,D,17.08.2019 8:50,SU,502,I,3,TLV,77W,402,393,583,19
584,A,17.08.2019 18:45,SU,503,I,3,TLV,77W,402,386,584,19
585,A,17.08.2019 4:40,SU,505,I,3,TLV,77W,402,386,585,19
586,D,17.08.2019 15:40,SU,1700,D,3,VVO,77W,402,399,586,13
587,A,17.08.2019 10:15,SU,1701,D,3,VVO,77W,402,322,587,13
588,D,17.08.2019 17:15,SU,1710,D,3,KHV,77W,402,396,588,13
589,A,17.08.2019 10:35,SU,1711,D,3,KHV,77W,402,400,589,13
590,D,17.08.2019 16:45,SU,1730,D,3,PKC,77W,402,394,590,13
591,A,17.08.2019 12:40,SU,1731,D,3,PKC,77W,402,379,591,13
592,D,17.08.2019 9:10,SU,2550,I,2,AMS,77W,402,320,592,48
593,A,17.08.2019 17:45,SU,2551,I,2,AMS,77W,402,256,593,48
594,D,17.08.2019 9:35,SU,104,I,3,IAD,333,302,292,594,19
595,D,17.08.2019 18:50,SU,232,I,2,DEL,333,302,280,595,48
596,A,17.08.2019 9:05,SU,233,I,3,DEL,333,302,282,596,19
597,A,17.08.2019 5:25,SU,235,I,3,DEL,333,302,285,597,19
598,D,17.08.2019 21:25,SU,1442,D,3,IKT,333,302,264,598,13
599,A,17.08.2019 11:00,SU,1443,D,3,IKT,333,302,285,599,13
600,D,17.08.2019 20:35,SU,1702,D,3,VVO,333,302,296,600,13
601,A,17.08.2019 15:50,SU,1703,D,3,VVO,333,302,299,601,13
602,D,17.08.2019 8:55,SU,2380,I,2,GVA,333,302,209,602,48
603,A,17.08.2019 17:25,SU,2381,I,2,GVA,333,302,161,603,48
604,D,17.08.2019 12:15,SU,2548,I,5,TFS,333,302,271,604,34
605,D,17.08.2019 11:00,SU,110,I,3,MIA,332,229,214,605,19
606,A,17.08.2019 12:15,SU,111,I,3,MIA,332,229,188,606,19
607,D,17.08.2019 7:10,SU,150,I,3,HAV,332,229,190,607,19
608,A,17.08.2019 9:00,SU,151,I,3,HAV,332,229,225,608,19
609,D,17.08.2019 15:05,SU,234,I,3,DEL,332,229,217,609,19
610,D,17.08.2019 18:35,SU,330,I,3,ULN,332,229,171,610,19
611,A,17.08.2019 8:40,SU,331,I,3,ULN,332,229,204,611,19
612,D,17.08.2019 19:40,SU,122,I,3,JFK,333,296,285,612,19
613,A,17.08.2019 17:20,SU,123,I,3,JFK,333,296,252,613,19
614,D,17.08.2019 15:35,SU,202,I,3,PEK,333,296,281,614,19
615,A,17.08.2019 8:55,SU,203,I,3,PEK,333,296,254,615,19
616,D,17.08.2019 19:05,SU,220,I,2,CAN,333,296,258,616,48
617,A,17.08.2019 16:25,SU,221,I,2,CAN,333,296,281,617,48
618,D,17.08.2019 8:00,SU,252,I,3,ICN,333,296,294,618,19
619,A,17.08.2019 5:15,SU,253,I,3,ICN,333,296,266,619,19
620,D,17.08.2019 19:10,SU,270,I,3,BKK,333,296,254,620,19
621,A,17.08.2019 16:00,SU,271,I,2,BKK,333,296,237,621,48
622,D,17.08.2019 18:50,SU,274,I,2,HKT,333,296,172,622,48
623,A,17.08.2019 16:45,SU,275,I,2,HKT,333,296,293,623,48
624,D,17.08.2019 21:55,SU,320,I,2,MLE,333,296,246,624,48
625,A,17.08.2019 17:15,SU,321,I,2,MLE,333,296,237,625,48
626,D,17.08.2019 18:40,SU,504,I,3,TLV,333,296,286,626,19
627,D,17.08.2019 1:00,SU,1482,D,3,KJA,333,296,278,627,17
628,A,17.08.2019 12:05,SU,1483,D,3,KJA,333,296,237,628,13
629,D,17.08.2019 20:45,SU,1870,I,3,TAS,333,296,288,629,19
630,A,17.08.2019 7:05,SU,1871,I,3,TAS,333,296,293,630,19
631,A,17.08.2019 4:20,SU,2549,I,2,TFS,333,296,290,631,48
632,D,17.08.2019 9:50,SU,2578,I,3,LHR,333,296,223,632,19
633,A,17.08.2019 19:10,SU,2579,I,3,LHR,333,296,292,633,19
634,D,17.08.2019 7:00,N4,123,D,3,SIP,73H,189,152,634,13
635,A,17.08.2019 13:10,N4,124,D,3,SIP,73H,189,152,635,13
636,D,17.08.2019 16:05,N4,133,D,3,SIP,73H,189,152,636,13
637,A,17.08.2019 22:30,N4,134,D,3,SIP,73H,189,152,637,13
638,D,17.08.2019 19:50,N4,161,D,3,KRR,73H,189,133,638,13
639,A,17.08.2019 9:40,N4,162,D,3,KRR,73H,189,181,639,13
640,D,17.08.2019 23:55,N4,171,I,2,KSQ,73H,189,184,640,48
641,A,17.08.2019 5:35,EO,174,D,3,SVX,73H,189,149,641,13
642,D,17.08.2019 23:35,EO,179,D,3,CEK,73H,189,158,642,13
643,A,17.08.2019 5:45,EO,180,D,3,CEK,73H,189,174,643,13
644,D,17.08.2019 8:40,N4,183,D,3,MRV,73H,189,152,644,13
645,A,17.08.2019 14:25,N4,184,D,3,MRV,73H,189,152,645,13
646,D,17.08.2019 23:45,N4,185,D,3,KZN,73H,189,152,646,13
647,D,17.08.2019 10:40,N4,203,I,2,FEG,73H,189,185,647,48
648,A,17.08.2019 21:10,N4,204,I,2,FEG,73H,189,168,648,48
649,D,17.08.2019 23:40,N4,211,D,3,YKS,73H,189,105,649,13
650,D,17.08.2019 17:40,N4,225,D,3,AER,73H,189,130,650,13
651,A,17.08.2019 23:20,N4,226,D,3,AER,73H,189,152,651,13
652,D,17.08.2019 7:25,EO,229,D,3,AER,73H,189,120,652,13
653,A,17.08.2019 21:45,EO,230,D,3,AER,73H,189,152,653,13
654,D,17.08.2019 11:40,N4,245,D,3,AER,73H,189,185,654,13
655,A,17.08.2019 17:35,N4,246,D,3,AER,73H,189,169,655,13
656,D,17.08.2019 10:30,N4,277,I,2,EVN,73H,189,168,656,48
657,A,17.08.2019 17:50,N4,278,I,2,EVN,73H,189,186,657,48
658,D,17.08.2019 0:45,N4,279,D,3,UFA,73H,189,152,658,18
659,A,17.08.2019 6:05,N4,280,D,3,UFA,73H,189,152,659,13
660,A,17.08.2019 10:10,N4,294,D,3,KJA,73H,189,167,660,13
661,D,17.08.2019 14:35,N4,377,I,2,EVN,73H,189,169,661,48
662,A,17.08.2019 21:30,N4,378,I,2,EVN,73H,189,152,662,80
663,D,17.08.2019 0:45,N4,477,I,2,EVN,73H,189,158,663,80
664,A,17.08.2019 7:50,N4,478,I,2,EVN,73H,189,180,664,48
665,D,17.08.2019 10:45,N4,523,D,3,SIP,73H,189,152,665,13
666,A,17.08.2019 16:55,N4,524,D,3,SIP,73H,189,152,666,13
667,D,17.08.2019 1:25,N4,541,D,3,OMS,73H,189,152,667,13
668,A,17.08.2019 9:35,N4,542,D,3,OMS,73H,189,152,668,13
669,D,17.08.2019 6:55,EO,615,D,3,AER,73H,189,170,669,13
670,A,17.08.2019 20:00,EO,616,D,3,AER,73H,189,183,670,13
671,D,17.08.2019 23:25,N4,633,D,3,SIP,73H,189,145,671,13
672,A,17.08.2019 5:40,N4,634,D,3,SIP,73H,189,152,672,13
673,D,17.08.2019 10:10,N4,701,I,2,JED,73H,189,38,673,80
674,A,17.08.2019 5:30,N4,730,D,3,REN,73H,189,166,674,13
675,A,17.08.2019 16:15,OK,894,I,2,PRG,73H,189,172,675,48
676,D,17.08.2019 17:05,OK,895,I,2,PRG,73H,189,171,676,48
677,A,17.08.2019 3:05,OK,898,I,2,PRG,73H,189,183,677,48
678,D,17.08.2019 7:10,OK,899,I,2,PRG,73H,189,170,678,48
679,D,17.08.2019 8:20,FV,6137,D,3,KRR,73H,189,95,679,13
680,A,17.08.2019 13:55,FV,6138,D,3,KRR,73H,189,188,680,13
681,D,17.08.2019 9:25,FV,6139,I,3,NCE,73H,189,155,681,19
682,A,17.08.2019 18:20,FV,6140,I,3,NCE,73H,189,132,682,19
683,D,17.08.2019 22:10,FV,6141,D,3,SIP,73H,189,40,683,10
684,A,17.08.2019 14:30,FV,6142,D,3,SIP,73H,189,189,684,13
685,D,17.08.2019 17:00,FV,6157,D,3,SIP,73H,189,189,685,13
686,A,17.08.2019 9:45,FV,6158,D,3,SIP,73H,189,188,686,13
687,D,17.08.2019 8:40,FV,6161,D,3,KGD,73H,189,130,687,13
688,A,17.08.2019 13:35,FV,6162,D,3,KGD,73H,189,167,688,13
689,D,17.08.2019 23:25,FV,6163,D,3,KGD,73H,189,157,689,13
690,A,17.08.2019 8:10,FV,6164,D,3,KGD,73H,189,185,690,13
691,D,17.08.2019 0:40,FV,6167,D,3,REN,73H,189,125,691,14
692,A,17.08.2019 6:05,FV,6168,D,3,REN,73H,189,133,692,13
693,D,17.08.2019 19:25,FV,6171,D,3,REN,73H,189,99,693,13
694,A,17.08.2019 7:15,FV,6172,D,3,REN,73H,189,142,694,13
695,D,17.08.2019 17:20,FV,6183,D,3,ROV,73H,189,122,695,13
696,A,17.08.2019 22:20,FV,6184,D,3,ROV,73H,189,184,696,13
697,D,17.08.2019 16:05,FV,6185,D,3,AER,73H,189,153,697,13
698,A,17.08.2019 22:20,FV,6186,D,3,AER,73H,189,152,698,13
699,D,17.08.2019 9:25,FV,6187,D,3,MRV,73H,189,186,699,13
700,A,17.08.2019 15:20,FV,6188,D,3,MRV,73H,189,185,700,13
701,D,17.08.2019 15:30,FV,6191,D,3,ROV,73H,189,107,701,13
702,A,17.08.2019 20:35,FV,6192,D,3,ROV,73H,189,150,702,13
703,D,17.08.2019 22:55,FV,6193,D,3,ROV,73H,189,120,703,13
704,A,17.08.2019 4:50,FV,6194,D,3,ROV,73H,189,149,704,13
705,D,17.08.2019 10:50,FV,6637,I,3,ORY,73H,189,177,705,19
706,A,17.08.2019 20:05,FV,6638,I,3,ORY,73H,189,133,706,19
707,D,17.08.2019 13:25,RL,7515,I,2,CFU,738,189,152,707,78
708,D,17.08.2019 0:50,RL,7537,I,2,LCA,738,189,152,708,78
709,A,17.08.2019 9:20,RL,7538,I,2,LCA,738,189,152,709,80
710,D,17.08.2019 14:45,RL,7545,I,2,GZP,738,189,177,710,48
711,D,17.08.2019 0:50,RL,7745,I,2,PMI,738,189,188,711,58
712,A,17.08.2019 11:05,RL,7746,I,2,PMI,738,189,182,712,48
713,D,17.08.2019 18:20,EO,147,D,3,LED,73J,209,206,713,13
714,A,17.08.2019 22:05,EO,148,D,3,LED,73J,209,175,714,13
715,D,17.08.2019 23:30,EO,173,D,3,SVX,73J,209,170,715,13
716,D,17.08.2019 7:15,EO,177,D,3,LED,73J,209,184,716,13
717,A,17.08.2019 10:50,EO,178,D,3,LED,73J,209,189,717,13
718,D,17.08.2019 11:50,EO,187,D,3,ROV,73J,209,165,718,13
719,A,17.08.2019 16:10,EO,188,D,3,ROV,73J,209,195,719,13
720,A,17.08.2019 8:00,D2,151,D,1,CEE,SU9,100,31,720,217
721,D,17.08.2019 9:05,D2,152,D,1,CEE,SU9,100,27,721,217
722,A,17.08.2019 20:55,D2,153,D,1,CEE,SU9,100,29,722,205
723,D,17.08.2019 21:55,D2,154,D,1,CEE,SU9,100,24,723,205
724,A,17.08.2019 9:15,AY,711,I,3,HEL,E90,100,72,724,10
725,D,17.08.2019 10:00,AY,712,I,3,HEL,E90,100,98,725,19
726,A,17.08.2019 19:20,AY,713,I,3,HEL,E90,100,99,726,19
727,D,17.08.2019 20:30,AY,714,I,3,HEL,E90,100,91,727,19
728,A,17.08.2019 12:50,AY,715,I,3,HEL,E90,100,67,728,10
729,D,17.08.2019 13:35,AY,716,I,3,HEL,E90,100,80,729,10
730,A,17.08.2019 1:35,AY,719,I,3,HEL,E90,100,100,730,19
731,D,17.08.2019 5:00,AY,720,I,3,HEL,E90,100,100,731,19
732,D,17.08.2019 13:30,EO,167,D,3,LED,E90,110,105,732,13
733,A,17.08.2019 16:55,EO,168,D,3,LED,E90,110,87,733,13
734,A,17.08.2019 6:10,EO,186,D,3,KZN,E90,110,83,734,13
735,D,17.08.2019 23:55,EO,189,D,3,NBC,E90,110,94,735,13
736,A,17.08.2019 6:00,EO,190,D,3,NBC,E90,110,70,736,10
737,A,17.08.2019 6:00,EO,198,D,3,LED,E90,110,86,737,13
738,D,17.08.2019 23:30,EO,201,D,3,PEE,E90,110,96,738,13
739,A,17.08.2019 5:15,EO,202,D,3,PEE,E90,110,108,739,13
740,D,17.08.2019 7:10,EO,227,D,3,VOG,E90,110,86,740,13
741,A,17.08.2019 11:35,EO,228,D,3,VOG,E90,110,88,741,13
742,D,17.08.2019 7:05,EO,337,D,3,CSY,E90,110,97,742,13
743,A,17.08.2019 10:30,EO,338,D,3,CSY,E90,110,89,743,13
744,D,17.08.2019 7:00,EO,339,D,3,MQF,E90,110,97,744,13
745,A,17.08.2019 20:15,EO,340,D,3,MQF,E90,110,97,745,13
746,D,17.08.2019 17:00,EO,389,D,3,NBC,E90,110,94,746,13
747,A,17.08.2019 21:35,EO,390,D,3,NBC,E90,110,103,747,13
748,D,17.08.2019 7:15,EO,529,D,3,REN,E90,110,81,748,13
749,A,17.08.2019 12:25,EO,530,D,3,REN,E90,110,100,749,13
750,D,17.08.2019 0:30,EO,563,D,3,OSW,E90,110,64,750,1
751,A,17.08.2019 6:15,EO,564,D,3,OSW,E90,110,72,751,10
752,D,17.08.2019 7:05,EO,645,D,3,RTW,E90,110,92,752,13
753,A,17.08.2019 21:45,EO,646,D,3,RTW,E90,110,68,753,10
754,D,17.08.2019 23:55,EO,729,D,3,REN,E90,110,94,754,13
755,D,17.08.2019 18:10,BA,234,I,5,LHR,321,154,148,755,34
756,A,17.08.2019 16:50,BA,235,I,5,LHR,321,154,136,756,38
757,A,17.08.2019 16:20,SU,260,I,3,CDG,32B,183,170,757,19
758,D,17.08.2019 20:45,SU,400,I,2,CAI,32B,183,121,758,78
759,A,17.08.2019 7:25,SU,401,I,3,CAI,32B,183,177,759,19
760,D,17.08.2019 1:35,SU,500,I,3,TLV,32B,183,181,760,23
761,A,17.08.2019 12:00,SU,501,I,3,TLV,32B,183,176,761,19
762,D,17.08.2019 13:20,SU,508,I,3,TLV,32B,183,177,762,19
763,A,17.08.2019 23:05,SU,509,I,3,TLV,32B,183,171,763,19
764,D,17.08.2019 7:45,SU,1138,D,1,AER,32B,183,171,764,217
765,A,17.08.2019 13:40,SU,1139,D,1,AER,32B,183,147,765,217
766,D,17.08.2019 9:15,SU,1190,D,1,KZN,32B,183,167,766,114
767,A,17.08.2019 13:15,SU,1191,D,1,KZN,32B,183,77,767,205
768,D,17.08.2019 19:20,SU,1194,D,1,KZN,32B,183,122,768,205
769,A,17.08.2019 23:40,SU,1195,D,1,KZN,32B,183,47,769,205
770,D,17.08.2019 22:15,SU,1198,D,1,KZN,32B,183,174,770,217
771,D,17.08.2019 15:10,SU,1324,D,1,MMK,32B,183,181,771,217
772,A,17.08.2019 21:05,SU,1325,D,1,MMK,32B,183,167,772,217
773,D,17.08.2019 21:25,SU,1450,D,3,KEJ,32B,183,174,773,13
774,A,17.08.2019 7:15,SU,1451,D,3,KEJ,32B,183,182,774,13
775,D,17.08.2019 0:55,SU,1536,D,3,TOF,32B,183,171,775,16
776,A,17.08.2019 10:25,SU,1537,D,3,TOF,32B,183,180,776,13
777,D,17.08.2019 16:15,SU,1862,I,3,EVN,32B,183,182,777,19
778,A,17.08.2019 23:20,SU,1863,I,3,EVN,32B,183,182,778,19
779,D,17.08.2019 23:40,SU,1866,I,3,EVN,32B,183,138,779,19
780,A,17.08.2019 7:05,SU,1867,I,3,EVN,32B,183,147,780,19
781,D,17.08.2019 21:45,SU,1882,I,3,FRU,32B,183,183,781,19
782,A,17.08.2019 7:40,SU,1883,I,3,FRU,32B,183,169,782,19
783,A,17.08.2019 0:15,SU,1897,I,3,EVN,32B,183,147,783,26
784,A,17.08.2019 6:55,SU,1937,I,2,KGF,32B,183,171,784,48
785,D,17.08.2019 0:55,SU,1942,I,2,ALA,32B,183,173,785,48
786,A,17.08.2019 11:10,SU,1943,I,2,ALA,32B,183,182,786,48
787,D,17.08.2019 21:00,SU,1946,I,3,ALA,32B,183,176,787,19
788,A,17.08.2019 7:35,SU,1947,I,2,ALA,32B,183,183,788,48
789,D,17.08.2019 23:50,SU,1956,I,2,TSE,32B,183,179,789,48
790,A,17.08.2019 8:05,SU,1957,I,2,TSE,32B,183,156,790,78
791,D,17.08.2019 10:10,SU,2012,I,5,PRG,32B,183,156,791,34
792,A,17.08.2019 16:35,SU,2013,I,2,PRG,32B,183,145,792,80
793,D,17.08.2019 19:15,SU,2016,I,5,PRG,32B,183,139,793,10
794,A,17.08.2019 4:30,SU,2017,I,5,PRG,32B,183,159,794,10
795,D,17.08.2019 17:00,SU,2024,I,5,PRG,32B,183,156,795,37
796,A,17.08.2019 23:25,SU,2025,I,3,PRG,32B,183,148,796,19
797,A,17.08.2019 0:25,SU,2047,I,3,SPU,32B,183,159,797,1
798,D,17.08.2019 16:45,SU,2048,I,3,SPU,32B,183,180,798,19
799,A,17.08.2019 23:55,SU,2049,I,3,SPU,32B,183,147,799,19
800,D,17.08.2019 6:55,SU,2052,I,3,TIV,32B,183,178,800,19
801,A,17.08.2019 14:45,SU,2053,I,3,TIV,32B,183,147,801,19
802,D,17.08.2019 8:05,SU,2110,I,2,ATH,32B,183,166,802,48
803,A,17.08.2019 17:15,SU,2111,I,2,ATH,32B,183,174,803,48
804,D,17.08.2019 19:25,SU,2112,I,2,ATH,32B,183,130,804,78
805,A,17.08.2019 4:20,SU,2113,I,2,ATH,32B,183,161,805,48
806,A,17.08.2019 0:25,SU,2125,I,3,SKG,32B,183,165,806,19
807,D,17.08.2019 10:50,SU,2126,I,5,HER,32B,183,147,807,38
808,A,17.08.2019 20:35,SU,2127,I,5,HER,32B,183,176,808,34
809,D,17.08.2019 9:35,SU,2142,I,2,AYT,32B,183,168,809,48
810,A,17.08.2019 18:10,SU,2143,I,3,AYT,32B,183,170,810,19
811,D,17.08.2019 9:05,SU,2184,I,5,VIE,32B,183,173,811,38
812,A,17.08.2019 15:40,SU,2185,I,5,VIE,32B,183,178,812,34
813,D,17.08.2019 19:45,SU,2192,I,5,AMS,32B,183,172,813,38
814,A,17.08.2019 4:25,SU,2193,I,3,AMS,32B,183,132,814,19
815,D,17.08.2019 7:55,SU,2306,I,3,FRA,32B,183,178,815,19
816,A,17.08.2019 15:35,SU,2307,I,3,FRA,32B,183,179,816,19
817,D,17.08.2019 17:55,SU,2382,I,2,GVA,32B,183,145,817,80
818,A,17.08.2019 2:10,SU,2383,I,3,GVA,32B,183,146,818,19
819,D,17.08.2019 9:50,SU,2390,I,2,ZRH,32B,183,182,819,48
820,A,17.08.2019 18:00,SU,2391,I,2,ZRH,32B,183,178,820,48
821,D,17.08.2019 19:55,SU,2414,I,3,MXP,32B,183,172,821,19
822,A,17.08.2019 5:00,SU,2415,I,3,MXP,32B,183,166,822,19
823,D,17.08.2019 7:35,SU,2452,I,3,CDG,32B,183,176,823,19
824,D,17.08.2019 10:05,SU,2454,I,3,CDG,32B,183,160,824,19
825,A,17.08.2019 18:55,SU,2455,I,3,CDG,32B,183,135,825,19
826,D,17.08.2019 11:45,SU,2462,I,3,CDG,32B,183,175,826,19
827,A,17.08.2019 20:35,SU,2463,I,3,CDG,32B,183,138,827,19
828,D,17.08.2019 6:40,SU,2500,I,3,MAD,32B,183,177,828,19
829,A,17.08.2019 17:50,SU,2501,I,3,MAD,32B,183,175,829,19
830,D,17.08.2019 19:20,SU,2512,I,3,BCN,32B,183,176,830,19
831,A,17.08.2019 5:35,SU,2513,I,3,BCN,32B,183,170,831,19
832,D,17.08.2019 12:10,SU,2514,I,3,BCN,32B,183,180,832,19
833,A,17.08.2019 22:15,SU,2515,I,3,BCN,32B,183,176,833,19
834,D,17.08.2019 11:00,SU,2522,I,3,ALC,32B,183,183,834,19
835,A,17.08.2019 22:05,SU,2523,I,3,ALC,32B,183,173,835,19
836,D,17.08.2019 13:40,SU,2582,I,3,LHR,32B,183,181,836,19
837,A,17.08.2019 23:10,SU,2583,I,3,LHR,32B,183,175,837,19
838,D,17.08.2019 8:35,SU,2602,I,3,MAD,32B,183,143,838,19
839,A,17.08.2019 20:00,SU,2603,I,3,MAD,32B,183,140,839,19
840,D,17.08.2019 18:15,SU,2604,I,3,MAD,32B,183,168,840,19
841,A,17.08.2019 5:25,SU,2605,I,3,MAD,32B,183,170,841,19
842,D,17.08.2019 7:20,SU,2638,I,3,BCN,32B,183,180,842,19
843,A,17.08.2019 17:35,SU,2639,I,3,BCN,32B,183,181,843,19
844,D,17.08.2019 9:35,SU,2648,I,3,BCN,32B,183,182,844,19
845,A,17.08.2019 19:50,SU,2649,I,3,BCN,32B,183,180,845,19
846,D,17.08.2019 19:10,SU,263,I,3,LHR,321,170,162,846,19
847,A,17.08.2019 7:15,SU,1853,I,5,GYD,321,170,157,847,10
848,D,17.08.2019 9:55,SU,2072,I,5,LCA,321,170,154,848,38
849,A,17.08.2019 18:45,SU,2073,I,5,LCA,321,170,169,849,34
850,D,17.08.2019 8:30,SU,2104,I,5,VNO,321,170,137,850,10
851,A,17.08.2019 12:40,SU,2105,I,5,VNO,321,170,147,851,10
852,D,17.08.2019 16:15,SU,2124,I,3,SKG,321,170,136,852,19
853,D,17.08.2019 20:15,SU,2144,I,2,AYT,321,170,114,853,80
854,A,17.08.2019 5:25,SU,2145,I,2,AYT,321,170,131,854,78
855,D,17.08.2019 8:30,SU,2202,I,3,HEL,321,170,158,855,19
856,A,17.08.2019 13:05,SU,2203,I,3,HEL,321,170,113,856,19
857,D,17.08.2019 13:55,SU,2360,I,5,NCE,321,170,136,857,38
858,A,17.08.2019 22:40,SU,2361,I,5,NCE,321,170,160,858,38
859,A,17.08.2019 4:15,SU,2453,I,3,CDG,321,170,134,859,19
860,D,17.08.2019 19:35,SU,2460,I,3,CDG,321,170,166,860,19
861,D,17.08.2019 10:05,SU,2470,I,5,NCE,321,170,157,861,10
862,A,17.08.2019 18:55,SU,2471,I,5,NCE,321,170,162,862,38
863,D,17.08.2019 7:05,SU,2580,I,3,LHR,321,170,146,863,19
864,A,17.08.2019 16:35,SU,2581,I,3,LHR,321,170,161,864,19
865,A,17.08.2019 13:05,KC,275,I,5,ALA,32N,162,130,865,10
866,D,17.08.2019 14:00,KC,276,I,5,ALA,32Q,162,146,866,38
867,A,17.08.2019 8:50,KC,893,I,5,TSE,32N,162,111,867,38
868,D,17.08.2019 9:50,KC,894,I,5,TSE,32N,162,103,868,10
869,D,17.08.2019 21:55,EO,301,D,3,BQS,763,290,137,869,13
870,A,17.08.2019 12:45,EO,440,I,2,TYN,763,290,285,870,48
871,D,17.08.2019 17:55,EO,443,I,2,SJW,763,290,289,871,48
872,D,17.08.2019 12:10,EO,453,I,2,CAN,763,290,232,872,48
873,A,17.08.2019 12:55,EO,496,I,2,LHW,763,290,249,873,48
874,A,17.08.2019 15:50,N4,302,D,3,BQS,772,440,185,874,13
875,D,17.08.2019 1:25,N4,1611,I,2,HER,772,440,437,875,59
876,A,17.08.2019 10:45,N4,1612,I,2,HER,772,440,439,876,48
877,D,17.08.2019 2:10,N4,1835,I,2,DLM,772,440,352,877,48
878,A,17.08.2019 11:20,N4,1836,I,2,DLM,772,440,413,878,48
879,D,17.08.2019 15:15,N4,2735,I,2,CXR,772,440,434,879,48
880,D,17.08.2019 14:10,N4,7649,I,2,DJE,772,440,437,880,48
881,D,17.08.2019 7:40,N4,355,I,2,CUN,77W,486,389,881,48
882,D,17.08.2019 13:50,N4,1723,I,2,MIR,77W,486,479,882,48
883,A,17.08.2019 23:40,N4,1724,I,2,MIR,77W,486,389,883,48
884,D,17.08.2019 2:30,N4,1801,I,2,AYT,77W,486,389,884,48
885,A,17.08.2019 10:55,N4,1802,I,2,AYT,77W,486,389,885,48
886,D,17.08.2019 13:15,N4,1803,I,2,AYT,77W,486,389,886,48
887,A,17.08.2019 22:30,N4,1804,I,2,AYT,77W,486,389,887,48
888,A,17.08.2019 19:55,BT,422,I,5,RIX,CS3,145,135,888,10
889,D,17.08.2019 20:40,BT,423,I,5,RIX,CS3,145,116,889,38
890,A,17.08.2019 9:00,BT,424,I,5,RIX,CS3,145,130,890,38
891,D,17.08.2019 9:45,BT,425,I,5,RIX,CS3,145,136,891,38
892,A,17.08.2019 1:00,BT,426,I,5,RIX,CS3,145,139,892,37
893,D,17.08.2019 4:50,BT,427,I,5,RIX,CS3,145,116,893,38
894,A,17.08.2019 14:40,BT,428,I,5,RIX,CS3,145,139,894,10
895,D,17.08.2019 15:25,BT,429,I,5,RIX,CS3,145,130,895,38
896,A,17.08.2019 5:30,JD,475,I,2,HGH,332,264,242,896,48
897,D,17.08.2019 8:55,JD,476,I,2,HGH,332,264,225,897,48
898,A,17.08.2019 22:35,RL,506,I,2,TPE,763,330,326,898,48
899,D,17.08.2019 3:50,RL,7743,I,2,BCN,763,330,330,899,48
900,D,17.08.2019 22:55,SU,530,I,2,BEY,320,140,104,900,78
901,D,17.08.2019 7:20,SU,570,I,3,TLV,320,140,132,901,19
902,D,17.08.2019 6:10,SU,1246,D,1,REN,320,140,67,902,217
903,A,17.08.2019 11:45,SU,1247,D,1,REN,320,140,121,903,217
904,D,17.08.2019 6:30,SU,1270,D,1,KZN,320,140,122,904,217
905,A,17.08.2019 10:45,SU,1271,D,1,KZN,320,140,78,905,217
906,D,17.08.2019 13:55,SU,1312,D,1,MRV,320,140,136,906,205
907,A,17.08.2019 19:45,SU,1313,D,1,MRV,320,140,133,907,205
908,D,17.08.2019 6:25,SU,1438,D,1,UFA,320,140,136,908,217
909,A,17.08.2019 12:50,SU,1439,D,1,UFA,320,140,134,909,205
910,D,17.08.2019 3:05,SU,1448,D,3,MQF,320,140,102,910,13
911,A,17.08.2019 9:05,SU,1449,D,3,MQF,320,140,122,911,13
912,D,17.08.2019 23:50,SU,1484,D,3,KJA,320,140,112,912,13
913,A,17.08.2019 10:20,SU,1485,D,3,KJA,320,140,138,913,13
914,D,17.08.2019 0:05,SU,1574,D,3,AAQ,320,140,69,914,10
915,A,17.08.2019 5:40,SU,1575,D,3,AAQ,320,140,136,915,13
916,D,17.08.2019 2:55,SU,1674,D,3,ROV,320,140,86,916,13
917,A,17.08.2019 8:45,SU,1675,D,3,ROV,320,140,108,917,13
918,A,17.08.2019 5:55,SU,1845,I,3,KIV,320,140,112,918,19
919,D,17.08.2019 23:50,SU,1852,I,5,GYD,320,140,138,919,38
920,D,17.08.2019 22:25,SU,1936,I,3,KGF,320,140,112,920,19
921,D,17.08.2019 0:10,SU,1948,I,2,AKX,320,140,79,921,81
922,A,17.08.2019 6:35,SU,1949,I,2,AKX,320,140,124,922,80
923,A,17.08.2019 8:15,SU,1961,I,2,KZO,320,140,135,923,80
924,D,17.08.2019 10:05,SU,2040,I,5,ZAG,320,140,114,924,38
925,A,17.08.2019 17:05,SU,2041,I,5,ZAG,320,140,121,925,10
926,D,17.08.2019 20:00,SU,2070,I,5,LCA,320,140,123,926,38
927,A,17.08.2019 5:40,SU,2071,I,5,LCA,320,140,124,927,38
928,D,17.08.2019 10:15,SU,2090,I,2,BEG,320,140,112,928,78
929,A,17.08.2019 17:10,SU,2091,I,2,BEG,320,140,127,929,78
930,A,17.08.2019 4:35,SU,2093,I,2,BEG,320,140,114,930,80
931,D,17.08.2019 21:15,SU,2108,I,5,VNO,320,140,114,931,38
932,D,17.08.2019 12:55,SU,2116,I,2,ATH,320,140,124,932,80
933,A,17.08.2019 22:05,SU,2117,I,2,ATH,320,140,125,933,80
934,D,17.08.2019 21:15,SU,2134,I,5,IST,320,140,128,934,10
935,D,17.08.2019 16:35,SU,2146,I,3,AYT,320,140,128,935,19
936,A,17.08.2019 0:55,SU,2147,I,3,AYT,320,140,122,936,19
937,D,17.08.2019 18:20,SU,2200,I,3,HEL,320,140,117,937,19
938,A,17.08.2019 22:45,SU,2201,I,3,HEL,320,140,105,938,19
939,D,17.08.2019 10:15,SU,2300,I,3,FRA,320,140,137,939,19
940,A,17.08.2019 18:30,SU,2301,I,3,FRA,320,140,126,940,19
941,D,17.08.2019 18:50,SU,2304,I,3,FRA,320,140,130,941,19
942,A,17.08.2019 2:35,SU,2305,I,3,FRA,320,140,112,942,19
943,D,17.08.2019 9:25,SU,2322,I,3,MUC,320,140,135,943,19
944,A,17.08.2019 16:40,SU,2323,I,3,MUC,320,140,133,944,19
945,D,17.08.2019 10:35,SU,2346,I,3,HAM,320,140,135,945,19
946,A,17.08.2019 17:15,SU,2347,I,3,HAM,320,140,130,946,19
947,D,17.08.2019 16:05,SU,2348,I,3,HAM,320,140,124,947,19
948,A,17.08.2019 22:45,SU,2349,I,3,HAM,320,140,126,948,19
949,D,17.08.2019 8:45,SU,2374,I,3,LYS,320,140,112,949,19
950,A,17.08.2019 17:40,SU,2375,I,3,LYS,320,140,107,950,19
951,A,17.08.2019 4:45,SU,2377,I,3,LYS,320,140,60,951,10
952,D,17.08.2019 8:35,SU,2378,I,3,MRS,320,140,120,952,19
953,A,17.08.2019 17:40,SU,2379,I,3,MRS,320,140,103,953,19
954,D,17.08.2019 18:10,SU,2386,I,3,ARN,320,140,138,954,19
955,A,17.08.2019 23:30,SU,2387,I,3,ARN,320,140,70,955,10
956,D,17.08.2019 18:25,SU,2392,I,2,ZRH,320,140,128,956,80
957,A,17.08.2019 2:50,SU,2393,I,3,ZRH,320,140,127,957,19
958,D,17.08.2019 8:35,SU,2402,I,3,FCO,320,140,130,958,19
959,A,17.08.2019 17:30,SU,2403,I,3,FCO,320,140,125,959,19
960,D,17.08.2019 18:40,SU,2404,I,3,FCO,320,140,118,960,19
961,A,17.08.2019 4:40,SU,2405,I,3,FCO,320,140,119,961,19
962,D,17.08.2019 11:25,SU,2406,I,3,FCO,320,140,123,962,19
963,A,17.08.2019 20:15,SU,2407,I,3,FCO,320,140,129,963,19
964,D,17.08.2019 14:30,SU,2408,I,3,FCO,320,140,130,964,19
965,A,17.08.2019 23:05,SU,2409,I,3,FCO,320,140,123,965,19
966,D,17.08.2019 8:25,SU,2410,I,3,MXP,320,140,140,966,19
967,A,17.08.2019 16:45,SU,2411,I,3,MXP,320,140,128,967,19
968,D,17.08.2019 6:50,SU,2416,I,3,MXP,320,140,112,968,19
969,A,17.08.2019 15:05,SU,2417,I,3,MXP,320,140,113,969,19
970,A,17.08.2019 4:00,SU,2423,I,3,VCE,320,140,124,970,19
971,D,17.08.2019 7:50,SU,2424,I,5,BLQ,320,140,126,971,38
972,A,17.08.2019 15:45,SU,2425,I,5,BLQ,320,140,134,972,38
973,D,17.08.2019 14:05,SU,2458,I,3,CDG,320,140,137,973,19
974,A,17.08.2019 22:50,SU,2459,I,3,CDG,320,140,101,974,19
975,D,17.08.2019 17:55,SU,2468,I,2,BUD,320,140,127,975,78
976,A,17.08.2019 0:10,SU,2469,I,3,BUD,320,140,125,976,10
977,A,17.08.2019 4:15,SU,2475,I,5,NCE,320,140,125,977,34
978,D,17.08.2019 7:35,SU,2482,I,3,VRN,320,140,122,978,19
979,A,17.08.2019 15:30,SU,2483,I,3,VRN,320,140,126,979,19
980,D,17.08.2019 5:40,SU,2570,I,3,LHR,320,140,117,980,19
981,A,17.08.2019 14:40,SU,2571,I,3,LHR,320,140,133,981,19
982,D,17.08.2019 8:50,SU,2576,I,3,LHR,320,140,121,982,19
983,A,17.08.2019 17:40,SU,2577,I,3,LHR,320,140,136,983,19
984,D,17.08.2019 15:55,SU,2586,I,3,MXP,320,140,124,984,19
985,A,17.08.2019 4:55,SU,2591,I,3,DUB,320,140,125,985,19
986,D,17.08.2019 19:45,SU,2594,I,3,MUC,320,140,112,986,19
987,A,17.08.2019 3:15,SU,2595,I,3,MUC,320,140,134,987,19
988,D,17.08.2019 9:15,SU,2596,I,5,VCE,320,140,112,988,38
989,A,17.08.2019 17:05,SU,2597,I,5,VCE,320,140,112,989,10
990,D,17.08.2019 9:40,SU,2610,I,3,LJU,320,140,127,990,19
991,A,17.08.2019 17:00,SU,2611,I,3,LJU,320,140,129,991,19
992,D,17.08.2019 18:15,SU,2680,I,5,RIX,320,140,116,992,38
993,A,17.08.2019 22:25,SU,2681,I,3,RIX,320,140,126,993,19
994,D,17.08.2019 9:15,SU,2682,I,3,RIX,320,140,137,994,19
995,A,17.08.2019 13:20,SU,2683,I,3,RIX,320,140,136,995,19
996,A,17.08.2019 3:05,AZ,542,I,5,CTA,321,200,147,996,38
997,D,17.08.2019 4:05,AZ,543,I,5,CTA,321,200,141,997,38
998,A,17.08.2019 15:50,AZ,546,I,5,MXP,320,180,138,998,34
999,D,17.08.2019 16:55,AZ,547,I,5,MXP,320,180,156,999,10
1000,A,17.08.2019 15:15,AZ,548,I,5,FCO,320,180,146,1000,38
1001,D,17.08.2019 16:40,AZ,549,I,5,FCO,320,180,161,1001,34
1002,A,17.08.2019 3:20,KM,560,I,5,MLA,320,180,139,1002,34
1003,D,17.08.2019 4:20,KM,561,I,5,MLA,320,180,139,1003,10
1004,D,17.08.2019 5:00,AZ,595,I,5,FCO,320,180,165,1004,38
1005,A,17.08.2019 3:45,AZ,596,I,5,FCO,320,180,129,1005,10
1006,A,17.08.2019 7:50,FB,643,I,2,BOJ,320,180,178,1006,48
1007,D,17.08.2019 8:45,FB,644,I,2,BOJ,320,180,173,1007,48
1008,A,17.08.2019 15:05,FB,659,I,2,BOJ,320,180,144,1008,80
1009,D,17.08.2019 16:00,FB,660,I,2,BOJ,320,180,171,1009,48
1010,A,17.08.2019 17:25,MU,591,I,2,PVG,333,298,262,1010,48
1011,D,17.08.2019 19:05,MU,592,I,2,PVG,333,298,272,1011,48
1012,A,17.08.2019 17:00,MU,5009,I,2,PVG,333,298,200,1012,48
1013,D,17.08.2019 19:10,MU,5010,I,2,PVG,333,298,270,1013,48
1014,A,17.08.2019 18:25,3U,609,I,2,CTU,333,301,271,1014,48
1015,D,17.08.2019 20:20,3U,610,I,2,CTU,333,301,271,1015,48
1016,A,17.08.2019 16:55,CA,909,I,2,PEK,333,301,280,1016,48
1017,D,17.08.2019 18:45,CA,910,I,2,PEK,333,301,290,1017,48
1018,A,17.08.2019 15:00,FB,651,I,2,BOJ,733,148,119,1018,78
1019,D,17.08.2019 15:50,FB,652,I,2,BOJ,733,148,99,1019,78
1020,A,17.08.2019 21:00,KC,875,I,5,ALA,32A,148,107,1020,38
1021,D,17.08.2019 22:05,KC,876,I,5,ALA,32A,148,132,1021,34
1022,A,17.08.2019 20:45,JU,654,I,5,BEG,319,138,134,1022,38
1023,D,17.08.2019 21:35,JU,655,I,5,BEG,319,138,126,1023,38
1024,A,17.08.2019 3:25,JU,656,I,5,BEG,319,138,115,1024,38
1025,D,17.08.2019 4:10,JU,657,I,5,BEG,319,138,117,1025,10
1026,A,17.08.2019 19:15,CZ,655,I,3,CAN,332,260,228,1026,19
1027,D,17.08.2019 21:10,CZ,656,I,3,CAN,332,260,255,1027,19
1028,A,17.08.2019 13:45,LO,675,I,5,WAW,E95,112,92,1028,38
1029,D,17.08.2019 14:35,LO,676,I,5,WAW,E95,112,95,1029,10
1030,A,17.08.2019 19:45,LO,677,I,5,WAW,E95,112,91,1030,10
1031,D,17.08.2019 20:40,LO,678,I,5,WAW,E95,112,95,1031,10
1032,A,17.08.2019 21:20,KC,873,I,5,TSE,321,179,137,1032,38
1033,D,17.08.2019 22:20,KC,874,I,5,TSE,321,179,122,1033,10
1034,A,17.08.2019 4:25,8L,881,I,2,KMG,333,303,292,1034,48
1035,D,17.08.2019 6:15,8L,882,I,2,KMG,333,303,288,1035,48
1036,D,17.08.2019 5:40,KL,900,I,5,AMS,73H,186,137,1036,38
1037,A,17.08.2019 16:05,KL,903,I,5,AMS,73H,186,154,1037,37
1038,D,17.08.2019 17:00,KL,904,I,5,AMS,73H,186,176,1038,38
1039,A,17.08.2019 1:30,KL,907,I,5,AMS,73H,186,124,1039,10
1040,A,17.08.2019 12:35,KL,901,I,5,AMS,73W,142,131,1040,38
1041,D,17.08.2019 13:30,KL,902,I,5,AMS,73W,142,138,1041,10
1042,A,17.08.2019 16:50,KE,923,I,3,ICN,789,269,190,1042,19
1043,D,17.08.2019 18:55,KE,924,I,3,ICN,789,269,249,1043,19
1044,A,17.08.2019 9:50,B2,975,I,2,MSQ,E95,107,105,1044,78
1045,D,17.08.2019 10:35,B2,976,I,3,MSQ,E95,107,101,1045,19
1046,A,17.08.2019 19:30,B2,977,I,2,MSQ,E95,107,105,1046,78
1047,D,17.08.2019 20:30,B2,978,I,3,MSQ,E95,107,93,1047,19
1048,A,17.08.2019 14:15,AF,1044,I,5,CDG,321,212,177,1048,38
1049,D,17.08.2019 15:15,AF,1045,I,5,CDG,321,212,209,1049,38
1050,A,17.08.2019 17:45,AF,1744,I,5,CDG,321,212,170,1050,34
1051,D,17.08.2019 18:45,AF,1745,I,5,CDG,321,212,194,1051,34
1052,A,17.08.2019 0:05,AF,1144,I,5,CDG,319,143,115,1052,34
1053,D,17.08.2019 8:45,AF,1145,I,5,CDG,319,143,115,1053,10
1054,A,17.08.2019 1:35,AF,1844,I,5,CDG,319,143,117,1054,10
1055,D,17.08.2019 6:10,AF,1845,I,5,CDG,319,143,133,1055,10
1056,D,17.08.2019 1:10,EO,1805,I,2,AYT,763,340,272,1056,55
1057,A,17.08.2019 9:50,EO,1806,I,2,AYT,763,340,329,1057,48
1058,A,17.08.2019 18:40,SN,2845,I,5,BRU,319,141,130,1058,38
1059,D,17.08.2019 19:30,SN,2846,I,5,BRU,319,141,136,1059,10
1060,A,17.08.2019 20:10,CZ,6001,I,3,URC,738,178,125,1060,19
1061,D,17.08.2019 21:35,CZ,6002,I,3,URC,738,178,155,1061,19
1062,D,17.08.2019 20:10,FV,6143,D,3,SIP,773,373,61,1062,10
1063,A,17.08.2019 16:15,FV,6266,I,3,CMB,773,373,305,1063,19
1064,D,17.08.2019 20:20,FV,6273,D,3,UUS,773,373,369,1064,13
1065,A,17.08.2019 15:45,FV,6274,D,3,UUS,773,373,373,1065,13
1066,D,17.08.2019 18:25,FV,6281,D,3,VVO,773,373,368,1066,13
1067,A,17.08.2019 14:00,FV,6282,D,3,VVO,773,373,373,1067,13
1068,D,17.08.2019 17:05,FV,6283,D,3,UUS,773,373,361,1068,13
1069,A,17.08.2019 12:25,FV,6284,D,3,UUS,773,373,372,1069,13
1070,D,17.08.2019 19:55,FV,6289,D,3,GDX,773,373,365,1070,13
1071,A,17.08.2019 14:10,FV,6290,D,3,GDX,773,373,359,1071,13
1072,D,17.08.2019 17:50,FV,6147,D,3,SIP,77W,457,145,1072,13
1073,D,17.08.2019 8:25,FV,6151,D,3,SIP,77W,457,447,1073,13
1074,A,17.08.2019 2:45,FV,6152,D,3,SIP,77W,457,454,1074,13
1075,D,17.08.2019 19:50,FV,6285,D,3,PKC,77W,457,428,1075,13
1076,A,17.08.2019 15:55,FV,6286,D,3,PKC,77W,457,451,1076,13
1077,D,17.08.2019 18:30,FV,6287,D,3,KHV,77W,457,445,1077,13
1078,A,17.08.2019 14:50,FV,6298,D,3,KHV,77W,457,452,1078,13
1079,A,17.08.2019 12:30,FV,6288,D,3,KHV,74E,447,445,1079,13
1080,D,17.08.2019 21:05,FV,6297,D,3,KHV,74E,447,444,1080,13
1081,D,17.08.2019 14:05,RL,7505,I,2,NBE,77W,492,444,1081,48
1082,D,17.08.2019 3:30,RL,7701,I,2,AYT,77W,492,490,1082,48
1083,D,17.08.2019 10:35,RL,7703,I,2,AYT,77W,492,394,1083,48
1084,A,17.08.2019 18:30,RL,7704,I,2,AYT,77W,492,394,1084,48
1085,D,17.08.2019 15:45,RL,7705,I,2,AYT,77W,492,486,1085,48
1086,A,17.08.2019 23:50,RL,7706,I,2,AYT,77W,492,489,1086,48
1087,D,17.08.2019 13:40,RL,7525,I,2,GZP,752,224,224,1087,48
1088,A,17.08.2019 22:00,RL,7526,I,2,GZP,752,224,222,1088,48
1089,D,17.08.2019 3:05,RL,7543,I,2,DLM,752,224,221,1089,48
1090,A,17.08.2019 11:15,RL,7544,I,2,DLM,752,224,220,1090,48
1091,A,17.08.2019 18:05,HU,7985,I,5,PEK,333,292,280,1091,34
1092,D,17.08.2019 19:55,HU,7986,I,5,PEK,333,292,269,1092,38
1093,D,17.08.2019 2:50,ZF,9007,I,2,AYT,77W,531,425,1093,48
1094,A,17.08.2019 23:30,ZF,9010,I,2,AYT,77W,531,425,1094,48
